date,LogTitle,message,exception,machinename,appdomain,assembly-version,basedir,callsite,counter,nlogdir,processid,processname,specialfolder,stacktrace,longdate,event-properties,uppercase,logger,url,action
2022/01/24 10:57:22.183,失败,获取相册失败https://www.xsnvshen.com/album/https://www.xsnvshen.com/album/36439,,CLHLNAEDJHHBHXG,0001:FluUrl, 1.0.0.0,D:\Project\coreproject\FluUrl\FluUrl\bin\Debug\net6.0\,FluUrl.Utils.NLogUtil.WriteFileLog,2,D:\Project\coreproject\FluUrl\FluUrl\bin\Debug\net6.0,30696,FluUrl,C:\Users\Administrator\Desktop,<Get>d__8.MoveNext => NLogUtil.WriteAll => NLogUtil.WriteFileLog,2022-01-24 10:57:22.1834,,ERROR,logfile,,
2022/01/24 10:57:22.768,失败,获取相册失败https://www.xsnvshen.com/album/https://www.xsnvshen.com/album/36367,,CLHLNAEDJHHBHXG,0001:FluUrl, 1.0.0.0,D:\Project\coreproject\FluUrl\FluUrl\bin\Debug\net6.0\,FluUrl.Utils.NLogUtil.WriteFileLog,3,D:\Project\coreproject\FluUrl\FluUrl\bin\Debug\net6.0,30696,FluUrl,C:\Users\Administrator\Desktop,<Get>d__8.MoveNext => NLogUtil.WriteAll => NLogUtil.WriteFileLog,2022-01-24 10:57:22.7688,,ERROR,logfile,,
2022/01/24 10:57:23.542,失败,获取相册失败https://www.xsnvshen.com/album/https://www.xsnvshen.com/album/36411,,CLHLNAEDJHHBHXG,0001:FluUrl, 1.0.0.0,D:\Project\coreproject\FluUrl\FluUrl\bin\Debug\net6.0\,FluUrl.Utils.NLogUtil.WriteFileLog,4,D:\Project\coreproject\FluUrl\FluUrl\bin\Debug\net6.0,30696,FluUrl,C:\Users\Administrator\Desktop,<Get>d__8.MoveNext => NLogUtil.WriteAll => NLogUtil.WriteFileLog,2022-01-24 10:57:23.5423,,ERROR,logfile,,
2022/01/24 10:57:24.109,失败,获取相册失败https://www.xsnvshen.com/album/https://www.xsnvshen.com/album/36351,,CLHLNAEDJHHBHXG,0001:FluUrl, 1.0.0.0,D:\Project\coreproject\FluUrl\FluUrl\bin\Debug\net6.0\,FluUrl.Utils.NLogUtil.WriteFileLog,5,D:\Project\coreproject\FluUrl\FluUrl\bin\Debug\net6.0,30696,FluUrl,C:\Users\Administrator\Desktop,<Get>d__8.MoveNext => NLogUtil.WriteAll => NLogUtil.WriteFileLog,2022-01-24 10:57:24.1097,,ERROR,logfile,,
2022/01/24 10:57:25.395,失败,获取相册失败https://www.xsnvshen.com/album/https://www.xsnvshen.com/album/36315,,CLHLNAEDJHHBHXG,0001:FluUrl, 1.0.0.0,D:\Project\coreproject\FluUrl\FluUrl\bin\Debug\net6.0\,FluUrl.Utils.NLogUtil.WriteFileLog,6,D:\Project\coreproject\FluUrl\FluUrl\bin\Debug\net6.0,30696,FluUrl,C:\Users\Administrator\Desktop,<Get>d__8.MoveNext => NLogUtil.WriteAll => NLogUtil.WriteFileLog,2022-01-24 10:57:25.3952,,ERROR,logfile,,
2022/01/24 10:57:25.407,失败,获取相册失败https://www.xsnvshen.com/album/https://www.xsnvshen.com/album/36397,,CLHLNAEDJHHBHXG,0001:FluUrl, 1.0.0.0,D:\Project\coreproject\FluUrl\FluUrl\bin\Debug\net6.0\,FluUrl.Utils.NLogUtil.WriteFileLog,7,D:\Project\coreproject\FluUrl\FluUrl\bin\Debug\net6.0,30696,FluUrl,C:\Users\Administrator\Desktop,<Get>d__8.MoveNext => NLogUtil.WriteAll => NLogUtil.WriteFileLog,2022-01-24 10:57:25.4072,,ERROR,logfile,,
2022/01/24 10:57:26.139,失败,获取相册失败https://www.xsnvshen.com/album/https://www.xsnvshen.com/album/36300,,CLHLNAEDJHHBHXG,0001:FluUrl, 1.0.0.0,D:\Project\coreproject\FluUrl\FluUrl\bin\Debug\net6.0\,FluUrl.Utils.NLogUtil.WriteFileLog,8,D:\Project\coreproject\FluUrl\FluUrl\bin\Debug\net6.0,30696,FluUrl,C:\Users\Administrator\Desktop,<Get>d__8.MoveNext => NLogUtil.WriteAll => NLogUtil.WriteFileLog,2022-01-24 10:57:26.1392,,ERROR,logfile,,
2022/01/24 10:57:26.723,失败,获取相册失败https://www.xsnvshen.com/album/https://www.xsnvshen.com/album/36367,,CLHLNAEDJHHBHXG,0001:FluUrl, 1.0.0.0,D:\Project\coreproject\FluUrl\FluUrl\bin\Debug\net6.0\,FluUrl.Utils.NLogUtil.WriteFileLog,9,D:\Project\coreproject\FluUrl\FluUrl\bin\Debug\net6.0,30696,FluUrl,C:\Users\Administrator\Desktop,<Get>d__8.MoveNext => NLogUtil.WriteAll => NLogUtil.WriteFileLog,2022-01-24 10:57:26.7234,,ERROR,logfile,,
2022/01/24 10:57:27.258,失败,获取相册失败https://www.xsnvshen.com/album/https://www.xsnvshen.com/album/36238,,CLHLNAEDJHHBHXG,0001:FluUrl, 1.0.0.0,D:\Project\coreproject\FluUrl\FluUrl\bin\Debug\net6.0\,FluUrl.Utils.NLogUtil.WriteFileLog,10,D:\Project\coreproject\FluUrl\FluUrl\bin\Debug\net6.0,30696,FluUrl,C:\Users\Administrator\Desktop,<Get>d__8.MoveNext => NLogUtil.WriteAll => NLogUtil.WriteFileLog,2022-01-24 10:57:27.2581,,ERROR,logfile,,
2022/01/24 10:57:27.503,失败,获取相册失败https://www.xsnvshen.com/album/https://www.xsnvshen.com/album/36351,,CLHLNAEDJHHBHXG,0001:FluUrl, 1.0.0.0,D:\Project\coreproject\FluUrl\FluUrl\bin\Debug\net6.0\,FluUrl.Utils.NLogUtil.WriteFileLog,11,D:\Project\coreproject\FluUrl\FluUrl\bin\Debug\net6.0,30696,FluUrl,C:\Users\Administrator\Desktop,<Get>d__8.MoveNext => NLogUtil.WriteAll => NLogUtil.WriteFileLog,2022-01-24 10:57:27.5030,,ERROR,logfile,,
2022/01/24 10:57:27.738,失败,获取相册失败https://www.xsnvshen.com/album/https://www.xsnvshen.com/album/36230,,CLHLNAEDJHHBHXG,0001:FluUrl, 1.0.0.0,D:\Project\coreproject\FluUrl\FluUrl\bin\Debug\net6.0\,FluUrl.Utils.NLogUtil.WriteFileLog,12,D:\Project\coreproject\FluUrl\FluUrl\bin\Debug\net6.0,30696,FluUrl,C:\Users\Administrator\Desktop,<Get>d__8.MoveNext => NLogUtil.WriteAll => NLogUtil.WriteFileLog,2022-01-24 10:57:27.7380,,ERROR,logfile,,
2022/01/24 10:57:27.943,失败,获取相册失败https://www.xsnvshen.com/album/https://www.xsnvshen.com/album/36315,,CLHLNAEDJHHBHXG,0001:FluUrl, 1.0.0.0,D:\Project\coreproject\FluUrl\FluUrl\bin\Debug\net6.0\,FluUrl.Utils.NLogUtil.WriteFileLog,13,D:\Project\coreproject\FluUrl\FluUrl\bin\Debug\net6.0,30696,FluUrl,C:\Users\Administrator\Desktop,<Get>d__8.MoveNext => NLogUtil.WriteAll => NLogUtil.WriteFileLog,2022-01-24 10:57:27.9433,,ERROR,logfile,,
2022/01/24 10:57:28.176,失败,获取相册失败https://www.xsnvshen.com/album/https://www.xsnvshen.com/album/36193,,CLHLNAEDJHHBHXG,0001:FluUrl, 1.0.0.0,D:\Project\coreproject\FluUrl\FluUrl\bin\Debug\net6.0\,FluUrl.Utils.NLogUtil.WriteFileLog,14,D:\Project\coreproject\FluUrl\FluUrl\bin\Debug\net6.0,30696,FluUrl,C:\Users\Administrator\Desktop,<Get>d__8.MoveNext => NLogUtil.WriteAll => NLogUtil.WriteFileLog,2022-01-24 10:57:28.1764,,ERROR,logfile,,
2022/01/24 10:57:28.359,失败,获取相册失败https://www.xsnvshen.com/album/https://www.xsnvshen.com/album/36300,,CLHLNAEDJHHBHXG,0001:FluUrl, 1.0.0.0,D:\Project\coreproject\FluUrl\FluUrl\bin\Debug\net6.0\,FluUrl.Utils.NLogUtil.WriteFileLog,15,D:\Project\coreproject\FluUrl\FluUrl\bin\Debug\net6.0,30696,FluUrl,C:\Users\Administrator\Desktop,<Get>d__8.MoveNext => NLogUtil.WriteAll => NLogUtil.WriteFileLog,2022-01-24 10:57:28.3593,,ERROR,logfile,,
2022/01/24 10:57:28.587,失败,获取相册失败https://www.xsnvshen.com/album/https://www.xsnvshen.com/album/36172,,CLHLNAEDJHHBHXG,0001:FluUrl, 1.0.0.0,D:\Project\coreproject\FluUrl\FluUrl\bin\Debug\net6.0\,FluUrl.Utils.NLogUtil.WriteFileLog,16,D:\Project\coreproject\FluUrl\FluUrl\bin\Debug\net6.0,30696,FluUrl,C:\Users\Administrator\Desktop,<Get>d__8.MoveNext => NLogUtil.WriteAll => NLogUtil.WriteFileLog,2022-01-24 10:57:28.5879,,ERROR,logfile,,
2022/01/24 10:57:28.803,失败,获取相册失败https://www.xsnvshen.com/album/https://www.xsnvshen.com/album/36238,,CLHLNAEDJHHBHXG,0001:FluUrl, 1.0.0.0,D:\Project\coreproject\FluUrl\FluUrl\bin\Debug\net6.0\,FluUrl.Utils.NLogUtil.WriteFileLog,17,D:\Project\coreproject\FluUrl\FluUrl\bin\Debug\net6.0,30696,FluUrl,C:\Users\Administrator\Desktop,<Get>d__8.MoveNext => NLogUtil.WriteAll => NLogUtil.WriteFileLog,2022-01-24 10:57:28.8039,,ERROR,logfile,,
2022/01/24 10:57:29.011,失败,获取相册失败https://www.xsnvshen.com/album/https://www.xsnvshen.com/album/36139,,CLHLNAEDJHHBHXG,0001:FluUrl, 1.0.0.0,D:\Project\coreproject\FluUrl\FluUrl\bin\Debug\net6.0\,FluUrl.Utils.NLogUtil.WriteFileLog,18,D:\Project\coreproject\FluUrl\FluUrl\bin\Debug\net6.0,30696,FluUrl,C:\Users\Administrator\Desktop,<Get>d__8.MoveNext => NLogUtil.WriteAll => NLogUtil.WriteFileLog,2022-01-24 10:57:29.0119,,ERROR,logfile,,
2022/01/24 10:57:29.418,失败,获取相册失败https://www.xsnvshen.com/album/https://www.xsnvshen.com/album/36230,,CLHLNAEDJHHBHXG,0001:FluUrl, 1.0.0.0,D:\Project\coreproject\FluUrl\FluUrl\bin\Debug\net6.0\,FluUrl.Utils.NLogUtil.WriteFileLog,19,D:\Project\coreproject\FluUrl\FluUrl\bin\Debug\net6.0,30696,FluUrl,C:\Users\Administrator\Desktop,<Get>d__8.MoveNext => NLogUtil.WriteAll => NLogUtil.WriteFileLog,2022-01-24 10:57:29.4181,,ERROR,logfile,,
2022/01/24 10:57:29.656,失败,获取相册失败https://www.xsnvshen.com/album/https://www.xsnvshen.com/album/36116,,CLHLNAEDJHHBHXG,0001:FluUrl, 1.0.0.0,D:\Project\coreproject\FluUrl\FluUrl\bin\Debug\net6.0\,FluUrl.Utils.NLogUtil.WriteFileLog,20,D:\Project\coreproject\FluUrl\FluUrl\bin\Debug\net6.0,30696,FluUrl,C:\Users\Administrator\Desktop,<Get>d__8.MoveNext => NLogUtil.WriteAll => NLogUtil.WriteFileLog,2022-01-24 10:57:29.6562,,ERROR,logfile,,
2022/01/24 10:57:29.841,失败,获取相册失败https://www.xsnvshen.com/album/https://www.xsnvshen.com/album/36193,,CLHLNAEDJHHBHXG,0001:FluUrl, 1.0.0.0,D:\Project\coreproject\FluUrl\FluUrl\bin\Debug\net6.0\,FluUrl.Utils.NLogUtil.WriteFileLog,21,D:\Project\coreproject\FluUrl\FluUrl\bin\Debug\net6.0,30696,FluUrl,C:\Users\Administrator\Desktop,<Get>d__8.MoveNext => NLogUtil.WriteAll => NLogUtil.WriteFileLog,2022-01-24 10:57:29.8410,,ERROR,logfile,,
2022/01/24 10:57:30.084,失败,获取相册失败https://www.xsnvshen.com/album/https://www.xsnvshen.com/album/36065,,CLHLNAEDJHHBHXG,0001:FluUrl, 1.0.0.0,D:\Project\coreproject\FluUrl\FluUrl\bin\Debug\net6.0\,FluUrl.Utils.NLogUtil.WriteFileLog,22,D:\Project\coreproject\FluUrl\FluUrl\bin\Debug\net6.0,30696,FluUrl,C:\Users\Administrator\Desktop,<Get>d__8.MoveNext => NLogUtil.WriteAll => NLogUtil.WriteFileLog,2022-01-24 10:57:30.0842,,ERROR,logfile,,
2022/01/24 10:57:30.271,失败,获取相册失败https://www.xsnvshen.com/album/https://www.xsnvshen.com/album/36172,,CLHLNAEDJHHBHXG,0001:FluUrl, 1.0.0.0,D:\Project\coreproject\FluUrl\FluUrl\bin\Debug\net6.0\,FluUrl.Utils.NLogUtil.WriteFileLog,23,D:\Project\coreproject\FluUrl\FluUrl\bin\Debug\net6.0,30696,FluUrl,C:\Users\Administrator\Desktop,<Get>d__8.MoveNext => NLogUtil.WriteAll => NLogUtil.WriteFileLog,2022-01-24 10:57:30.2713,,ERROR,logfile,,
2022/01/24 10:57:30.476,失败,获取相册失败https://www.xsnvshen.com/album/https://www.xsnvshen.com/album/36049,,CLHLNAEDJHHBHXG,0001:FluUrl, 1.0.0.0,D:\Project\coreproject\FluUrl\FluUrl\bin\Debug\net6.0\,FluUrl.Utils.NLogUtil.WriteFileLog,24,D:\Project\coreproject\FluUrl\FluUrl\bin\Debug\net6.0,30696,FluUrl,C:\Users\Administrator\Desktop,<Get>d__8.MoveNext => NLogUtil.WriteAll => NLogUtil.WriteFileLog,2022-01-24 10:57:30.4763,,ERROR,logfile,,
2022/01/24 10:57:30.714,失败,获取相册失败https://www.xsnvshen.com/album/https://www.xsnvshen.com/album/36139,,CLHLNAEDJHHBHXG,0001:FluUrl, 1.0.0.0,D:\Project\coreproject\FluUrl\FluUrl\bin\Debug\net6.0\,FluUrl.Utils.NLogUtil.WriteFileLog,25,D:\Project\coreproject\FluUrl\FluUrl\bin\Debug\net6.0,30696,FluUrl,C:\Users\Administrator\Desktop,<Get>d__8.MoveNext => NLogUtil.WriteAll => NLogUtil.WriteFileLog,2022-01-24 10:57:30.7146,,ERROR,logfile,,
2022/01/24 10:57:30.937,失败,获取相册失败https://www.xsnvshen.com/album/https://www.xsnvshen.com/album/36026,,CLHLNAEDJHHBHXG,0001:FluUrl, 1.0.0.0,D:\Project\coreproject\FluUrl\FluUrl\bin\Debug\net6.0\,FluUrl.Utils.NLogUtil.WriteFileLog,26,D:\Project\coreproject\FluUrl\FluUrl\bin\Debug\net6.0,30696,FluUrl,C:\Users\Administrator\Desktop,<Get>d__8.MoveNext => NLogUtil.WriteAll => NLogUtil.WriteFileLog,2022-01-24 10:57:30.9376,,ERROR,logfile,,
2022/01/24 10:57:31.148,失败,获取相册失败https://www.xsnvshen.com/album/https://www.xsnvshen.com/album/36116,,CLHLNAEDJHHBHXG,0001:FluUrl, 1.0.0.0,D:\Project\coreproject\FluUrl\FluUrl\bin\Debug\net6.0\,FluUrl.Utils.NLogUtil.WriteFileLog,27,D:\Project\coreproject\FluUrl\FluUrl\bin\Debug\net6.0,30696,FluUrl,C:\Users\Administrator\Desktop,<Get>d__8.MoveNext => NLogUtil.WriteAll => NLogUtil.WriteFileLog,2022-01-24 10:57:31.1489,,ERROR,logfile,,
2022/01/24 10:57:31.356,失败,获取相册失败https://www.xsnvshen.com/album/https://www.xsnvshen.com/album/36012,,CLHLNAEDJHHBHXG,0001:FluUrl, 1.0.0.0,D:\Project\coreproject\FluUrl\FluUrl\bin\Debug\net6.0\,FluUrl.Utils.NLogUtil.WriteFileLog,28,D:\Project\coreproject\FluUrl\FluUrl\bin\Debug\net6.0,30696,FluUrl,C:\Users\Administrator\Desktop,<Get>d__8.MoveNext => NLogUtil.WriteAll => NLogUtil.WriteFileLog,2022-01-24 10:57:31.3567,,ERROR,logfile,,
2022/01/24 10:57:31.558,失败,获取相册失败https://www.xsnvshen.com/album/https://www.xsnvshen.com/album/36065,,CLHLNAEDJHHBHXG,0001:FluUrl, 1.0.0.0,D:\Project\coreproject\FluUrl\FluUrl\bin\Debug\net6.0\,FluUrl.Utils.NLogUtil.WriteFileLog,29,D:\Project\coreproject\FluUrl\FluUrl\bin\Debug\net6.0,30696,FluUrl,C:\Users\Administrator\Desktop,<Get>d__8.MoveNext => NLogUtil.WriteAll => NLogUtil.WriteFileLog,2022-01-24 10:57:31.5584,,ERROR,logfile,,
2022/01/24 10:57:31.764,失败,获取相册失败https://www.xsnvshen.com/album/https://www.xsnvshen.com/album/35991,,CLHLNAEDJHHBHXG,0001:FluUrl, 1.0.0.0,D:\Project\coreproject\FluUrl\FluUrl\bin\Debug\net6.0\,FluUrl.Utils.NLogUtil.WriteFileLog,30,D:\Project\coreproject\FluUrl\FluUrl\bin\Debug\net6.0,30696,FluUrl,C:\Users\Administrator\Desktop,<Get>d__8.MoveNext => NLogUtil.WriteAll => NLogUtil.WriteFileLog,2022-01-24 10:57:31.7648,,ERROR,logfile,,
2022/01/24 10:57:32.001,失败,获取相册失败https://www.xsnvshen.com/album/https://www.xsnvshen.com/album/36049,,CLHLNAEDJHHBHXG,0001:FluUrl, 1.0.0.0,D:\Project\coreproject\FluUrl\FluUrl\bin\Debug\net6.0\,FluUrl.Utils.NLogUtil.WriteFileLog,31,D:\Project\coreproject\FluUrl\FluUrl\bin\Debug\net6.0,30696,FluUrl,C:\Users\Administrator\Desktop,<Get>d__8.MoveNext => NLogUtil.WriteAll => NLogUtil.WriteFileLog,2022-01-24 10:57:32.0018,,ERROR,logfile,,
2022/01/24 10:57:32.169,失败,获取相册失败https://www.xsnvshen.com/album/https://www.xsnvshen.com/album/35969,,CLHLNAEDJHHBHXG,0001:FluUrl, 1.0.0.0,D:\Project\coreproject\FluUrl\FluUrl\bin\Debug\net6.0\,FluUrl.Utils.NLogUtil.WriteFileLog,32,D:\Project\coreproject\FluUrl\FluUrl\bin\Debug\net6.0,30696,FluUrl,C:\Users\Administrator\Desktop,<Get>d__8.MoveNext => NLogUtil.WriteAll => NLogUtil.WriteFileLog,2022-01-24 10:57:32.1695,,ERROR,logfile,,
2022/01/24 10:57:32.386,失败,获取相册失败https://www.xsnvshen.com/album/https://www.xsnvshen.com/album/36026,,CLHLNAEDJHHBHXG,0001:FluUrl, 1.0.0.0,D:\Project\coreproject\FluUrl\FluUrl\bin\Debug\net6.0\,FluUrl.Utils.NLogUtil.WriteFileLog,33,D:\Project\coreproject\FluUrl\FluUrl\bin\Debug\net6.0,30696,FluUrl,C:\Users\Administrator\Desktop,<Get>d__8.MoveNext => NLogUtil.WriteAll => NLogUtil.WriteFileLog,2022-01-24 10:57:32.3866,,ERROR,logfile,,
2022/01/24 10:57:32.597,失败,获取相册失败https://www.xsnvshen.com/album/https://www.xsnvshen.com/album/35926,,CLHLNAEDJHHBHXG,0001:FluUrl, 1.0.0.0,D:\Project\coreproject\FluUrl\FluUrl\bin\Debug\net6.0\,FluUrl.Utils.NLogUtil.WriteFileLog,34,D:\Project\coreproject\FluUrl\FluUrl\bin\Debug\net6.0,30696,FluUrl,C:\Users\Administrator\Desktop,<Get>d__8.MoveNext => NLogUtil.WriteAll => NLogUtil.WriteFileLog,2022-01-24 10:57:32.5970,,ERROR,logfile,,
2022/01/24 10:57:32.800,失败,获取相册失败https://www.xsnvshen.com/album/https://www.xsnvshen.com/album/36012,,CLHLNAEDJHHBHXG,0001:FluUrl, 1.0.0.0,D:\Project\coreproject\FluUrl\FluUrl\bin\Debug\net6.0\,FluUrl.Utils.NLogUtil.WriteFileLog,35,D:\Project\coreproject\FluUrl\FluUrl\bin\Debug\net6.0,30696,FluUrl,C:\Users\Administrator\Desktop,<Get>d__8.MoveNext => NLogUtil.WriteAll => NLogUtil.WriteFileLog,2022-01-24 10:57:32.8006,,ERROR,logfile,,
2022/01/24 10:57:33.008,失败,获取相册失败https://www.xsnvshen.com/album/https://www.xsnvshen.com/album/35897,,CLHLNAEDJHHBHXG,0001:FluUrl, 1.0.0.0,D:\Project\coreproject\FluUrl\FluUrl\bin\Debug\net6.0\,FluUrl.Utils.NLogUtil.WriteFileLog,36,D:\Project\coreproject\FluUrl\FluUrl\bin\Debug\net6.0,30696,FluUrl,C:\Users\Administrator\Desktop,<Get>d__8.MoveNext => NLogUtil.WriteAll => NLogUtil.WriteFileLog,2022-01-24 10:57:33.0087,,ERROR,logfile,,
2022/01/24 10:57:33.223,失败,获取相册失败https://www.xsnvshen.com/album/https://www.xsnvshen.com/album/35991,,CLHLNAEDJHHBHXG,0001:FluUrl, 1.0.0.0,D:\Project\coreproject\FluUrl\FluUrl\bin\Debug\net6.0\,FluUrl.Utils.NLogUtil.WriteFileLog,37,D:\Project\coreproject\FluUrl\FluUrl\bin\Debug\net6.0,30696,FluUrl,C:\Users\Administrator\Desktop,<Get>d__8.MoveNext => NLogUtil.WriteAll => NLogUtil.WriteFileLog,2022-01-24 10:57:33.2232,,ERROR,logfile,,
2022/01/24 10:57:33.444,失败,获取相册失败https://www.xsnvshen.com/album/https://www.xsnvshen.com/album/35874,,CLHLNAEDJHHBHXG,0001:FluUrl, 1.0.0.0,D:\Project\coreproject\FluUrl\FluUrl\bin\Debug\net6.0\,FluUrl.Utils.NLogUtil.WriteFileLog,38,D:\Project\coreproject\FluUrl\FluUrl\bin\Debug\net6.0,30696,FluUrl,C:\Users\Administrator\Desktop,<Get>d__8.MoveNext => NLogUtil.WriteAll => NLogUtil.WriteFileLog,2022-01-24 10:57:33.4449,,ERROR,logfile,,
2022/01/24 10:57:33.672,失败,获取相册失败https://www.xsnvshen.com/album/https://www.xsnvshen.com/album/35969,,CLHLNAEDJHHBHXG,0001:FluUrl, 1.0.0.0,D:\Project\coreproject\FluUrl\FluUrl\bin\Debug\net6.0\,FluUrl.Utils.NLogUtil.WriteFileLog,39,D:\Project\coreproject\FluUrl\FluUrl\bin\Debug\net6.0,30696,FluUrl,C:\Users\Administrator\Desktop,<Get>d__8.MoveNext => NLogUtil.WriteAll => NLogUtil.WriteFileLog,2022-01-24 10:57:33.6721,,ERROR,logfile,,
2022/01/24 10:57:33.880,失败,获取相册失败https://www.xsnvshen.com/album/https://www.xsnvshen.com/album/35866,,CLHLNAEDJHHBHXG,0001:FluUrl, 1.0.0.0,D:\Project\coreproject\FluUrl\FluUrl\bin\Debug\net6.0\,FluUrl.Utils.NLogUtil.WriteFileLog,40,D:\Project\coreproject\FluUrl\FluUrl\bin\Debug\net6.0,30696,FluUrl,C:\Users\Administrator\Desktop,<Get>d__8.MoveNext => NLogUtil.WriteAll => NLogUtil.WriteFileLog,2022-01-24 10:57:33.8809,,ERROR,logfile,,
2022/01/24 10:57:34.087,失败,获取相册失败https://www.xsnvshen.com/album/https://www.xsnvshen.com/album/35926,,CLHLNAEDJHHBHXG,0001:FluUrl, 1.0.0.0,D:\Project\coreproject\FluUrl\FluUrl\bin\Debug\net6.0\,FluUrl.Utils.NLogUtil.WriteFileLog,41,D:\Project\coreproject\FluUrl\FluUrl\bin\Debug\net6.0,30696,FluUrl,C:\Users\Administrator\Desktop,<Get>d__8.MoveNext => NLogUtil.WriteAll => NLogUtil.WriteFileLog,2022-01-24 10:57:34.0874,,ERROR,logfile,,
2022/01/24 10:57:34.305,失败,获取相册失败https://www.xsnvshen.com/album/https://www.xsnvshen.com/album/35836,,CLHLNAEDJHHBHXG,0001:FluUrl, 1.0.0.0,D:\Project\coreproject\FluUrl\FluUrl\bin\Debug\net6.0\,FluUrl.Utils.NLogUtil.WriteFileLog,42,D:\Project\coreproject\FluUrl\FluUrl\bin\Debug\net6.0,30696,FluUrl,C:\Users\Administrator\Desktop,<Get>d__8.MoveNext => NLogUtil.WriteAll => NLogUtil.WriteFileLog,2022-01-24 10:57:34.3052,,ERROR,logfile,,
2022/01/24 10:57:34.511,失败,获取相册失败https://www.xsnvshen.com/album/https://www.xsnvshen.com/album/35897,,CLHLNAEDJHHBHXG,0001:FluUrl, 1.0.0.0,D:\Project\coreproject\FluUrl\FluUrl\bin\Debug\net6.0\,FluUrl.Utils.NLogUtil.WriteFileLog,43,D:\Project\coreproject\FluUrl\FluUrl\bin\Debug\net6.0,30696,FluUrl,C:\Users\Administrator\Desktop,<Get>d__8.MoveNext => NLogUtil.WriteAll => NLogUtil.WriteFileLog,2022-01-24 10:57:34.5113,,ERROR,logfile,,
2022/01/24 10:57:34.732,失败,获取相册失败https://www.xsnvshen.com/album/https://www.xsnvshen.com/album/35779,,CLHLNAEDJHHBHXG,0001:FluUrl, 1.0.0.0,D:\Project\coreproject\FluUrl\FluUrl\bin\Debug\net6.0\,FluUrl.Utils.NLogUtil.WriteFileLog,44,D:\Project\coreproject\FluUrl\FluUrl\bin\Debug\net6.0,30696,FluUrl,C:\Users\Administrator\Desktop,<Get>d__8.MoveNext => NLogUtil.WriteAll => NLogUtil.WriteFileLog,2022-01-24 10:57:34.7321,,ERROR,logfile,,
2022/01/24 10:57:34.934,失败,获取相册失败https://www.xsnvshen.com/album/https://www.xsnvshen.com/album/35874,,CLHLNAEDJHHBHXG,0001:FluUrl, 1.0.0.0,D:\Project\coreproject\FluUrl\FluUrl\bin\Debug\net6.0\,FluUrl.Utils.NLogUtil.WriteFileLog,45,D:\Project\coreproject\FluUrl\FluUrl\bin\Debug\net6.0,30696,FluUrl,C:\Users\Administrator\Desktop,<Get>d__8.MoveNext => NLogUtil.WriteAll => NLogUtil.WriteFileLog,2022-01-24 10:57:34.9340,,ERROR,logfile,,
2022/01/24 10:57:35.126,失败,获取相册失败https://www.xsnvshen.com/album/https://www.xsnvshen.com/album/35761,,CLHLNAEDJHHBHXG,0001:FluUrl, 1.0.0.0,D:\Project\coreproject\FluUrl\FluUrl\bin\Debug\net6.0\,FluUrl.Utils.NLogUtil.WriteFileLog,46,D:\Project\coreproject\FluUrl\FluUrl\bin\Debug\net6.0,30696,FluUrl,C:\Users\Administrator\Desktop,<Get>d__8.MoveNext => NLogUtil.WriteAll => NLogUtil.WriteFileLog,2022-01-24 10:57:35.1262,,ERROR,logfile,,
2022/01/24 10:57:35.313,失败,获取相册失败https://www.xsnvshen.com/album/https://www.xsnvshen.com/album/35866,,CLHLNAEDJHHBHXG,0001:FluUrl, 1.0.0.0,D:\Project\coreproject\FluUrl\FluUrl\bin\Debug\net6.0\,FluUrl.Utils.NLogUtil.WriteFileLog,47,D:\Project\coreproject\FluUrl\FluUrl\bin\Debug\net6.0,30696,FluUrl,C:\Users\Administrator\Desktop,<Get>d__8.MoveNext => NLogUtil.WriteAll => NLogUtil.WriteFileLog,2022-01-24 10:57:35.3133,,ERROR,logfile,,
2022/01/24 10:57:35.566,失败,获取相册失败https://www.xsnvshen.com/album/https://www.xsnvshen.com/album/35724,,CLHLNAEDJHHBHXG,0001:FluUrl, 1.0.0.0,D:\Project\coreproject\FluUrl\FluUrl\bin\Debug\net6.0\,FluUrl.Utils.NLogUtil.WriteFileLog,48,D:\Project\coreproject\FluUrl\FluUrl\bin\Debug\net6.0,30696,FluUrl,C:\Users\Administrator\Desktop,<Get>d__8.MoveNext => NLogUtil.WriteAll => NLogUtil.WriteFileLog,2022-01-24 10:57:35.5660,,ERROR,logfile,,
2022/01/24 10:57:35.747,失败,获取相册失败https://www.xsnvshen.com/album/https://www.xsnvshen.com/album/35836,,CLHLNAEDJHHBHXG,0001:FluUrl, 1.0.0.0,D:\Project\coreproject\FluUrl\FluUrl\bin\Debug\net6.0\,FluUrl.Utils.NLogUtil.WriteFileLog,49,D:\Project\coreproject\FluUrl\FluUrl\bin\Debug\net6.0,30696,FluUrl,C:\Users\Administrator\Desktop,<Get>d__8.MoveNext => NLogUtil.WriteAll => NLogUtil.WriteFileLog,2022-01-24 10:57:35.7472,,ERROR,logfile,,
2022/01/24 10:58:04.566,失败,获取相册失败https://www.xsnvshen.com/album/https://www.xsnvshen.com/album/35671,,CLHLNAEDJHHBHXG,0001:FluUrl, 1.0.0.0,D:\Project\coreproject\FluUrl\FluUrl\bin\Debug\net6.0\,FluUrl.Utils.NLogUtil.WriteFileLog,50,D:\Project\coreproject\FluUrl\FluUrl\bin\Debug\net6.0,30696,FluUrl,C:\Users\Administrator\Desktop,<Get>d__8.MoveNext => NLogUtil.WriteAll => NLogUtil.WriteFileLog,2022-01-24 10:58:04.5664,,ERROR,logfile,,
2022/01/24 10:58:06.883,失败,获取相册失败https://www.xsnvshen.com/album/https://www.xsnvshen.com/album/35779,,CLHLNAEDJHHBHXG,0001:FluUrl, 1.0.0.0,D:\Project\coreproject\FluUrl\FluUrl\bin\Debug\net6.0\,FluUrl.Utils.NLogUtil.WriteFileLog,51,D:\Project\coreproject\FluUrl\FluUrl\bin\Debug\net6.0,30696,FluUrl,C:\Users\Administrator\Desktop,<Get>d__8.MoveNext => NLogUtil.WriteAll => NLogUtil.WriteFileLog,2022-01-24 10:58:06.8831,,ERROR,logfile,,
2022/01/24 10:58:07.821,失败,获取相册失败https://www.xsnvshen.com/album/https://www.xsnvshen.com/album/35654,,CLHLNAEDJHHBHXG,0001:FluUrl, 1.0.0.0,D:\Project\coreproject\FluUrl\FluUrl\bin\Debug\net6.0\,FluUrl.Utils.NLogUtil.WriteFileLog,52,D:\Project\coreproject\FluUrl\FluUrl\bin\Debug\net6.0,30696,FluUrl,C:\Users\Administrator\Desktop,<Get>d__8.MoveNext => NLogUtil.WriteAll => NLogUtil.WriteFileLog,2022-01-24 10:58:07.8216,,ERROR,logfile,,
2022/01/24 10:58:08.254,失败,获取相册失败https://www.xsnvshen.com/album/https://www.xsnvshen.com/album/35761,,CLHLNAEDJHHBHXG,0001:FluUrl, 1.0.0.0,D:\Project\coreproject\FluUrl\FluUrl\bin\Debug\net6.0\,FluUrl.Utils.NLogUtil.WriteFileLog,53,D:\Project\coreproject\FluUrl\FluUrl\bin\Debug\net6.0,30696,FluUrl,C:\Users\Administrator\Desktop,<Get>d__8.MoveNext => NLogUtil.WriteAll => NLogUtil.WriteFileLog,2022-01-24 10:58:08.2547,,ERROR,logfile,,
2022/01/24 10:58:08.525,失败,获取相册失败https://www.xsnvshen.com/album/https://www.xsnvshen.com/album/35644,,CLHLNAEDJHHBHXG,0001:FluUrl, 1.0.0.0,D:\Project\coreproject\FluUrl\FluUrl\bin\Debug\net6.0\,FluUrl.Utils.NLogUtil.WriteFileLog,54,D:\Project\coreproject\FluUrl\FluUrl\bin\Debug\net6.0,30696,FluUrl,C:\Users\Administrator\Desktop,<Get>d__8.MoveNext => NLogUtil.WriteAll => NLogUtil.WriteFileLog,2022-01-24 10:58:08.5258,,ERROR,logfile,,
2022/01/24 10:58:08.763,失败,获取相册失败https://www.xsnvshen.com/album/https://www.xsnvshen.com/album/35724,,CLHLNAEDJHHBHXG,0001:FluUrl, 1.0.0.0,D:\Project\coreproject\FluUrl\FluUrl\bin\Debug\net6.0\,FluUrl.Utils.NLogUtil.WriteFileLog,55,D:\Project\coreproject\FluUrl\FluUrl\bin\Debug\net6.0,30696,FluUrl,C:\Users\Administrator\Desktop,<Get>d__8.MoveNext => NLogUtil.WriteAll => NLogUtil.WriteFileLog,2022-01-24 10:58:08.7632,,ERROR,logfile,,
2022/01/24 10:58:08.951,失败,获取相册失败https://www.xsnvshen.com/album/https://www.xsnvshen.com/album/35619,,CLHLNAEDJHHBHXG,0001:FluUrl, 1.0.0.0,D:\Project\coreproject\FluUrl\FluUrl\bin\Debug\net6.0\,FluUrl.Utils.NLogUtil.WriteFileLog,56,D:\Project\coreproject\FluUrl\FluUrl\bin\Debug\net6.0,30696,FluUrl,C:\Users\Administrator\Desktop,<Get>d__8.MoveNext => NLogUtil.WriteAll => NLogUtil.WriteFileLog,2022-01-24 10:58:08.9515,,ERROR,logfile,,
2022/01/24 10:58:09.145,失败,获取相册失败https://www.xsnvshen.com/album/https://www.xsnvshen.com/album/35671,,CLHLNAEDJHHBHXG,0001:FluUrl, 1.0.0.0,D:\Project\coreproject\FluUrl\FluUrl\bin\Debug\net6.0\,FluUrl.Utils.NLogUtil.WriteFileLog,57,D:\Project\coreproject\FluUrl\FluUrl\bin\Debug\net6.0,30696,FluUrl,C:\Users\Administrator\Desktop,<Get>d__8.MoveNext => NLogUtil.WriteAll => NLogUtil.WriteFileLog,2022-01-24 10:58:09.1453,,ERROR,logfile,,
2022/01/24 10:58:09.367,失败,获取相册失败https://www.xsnvshen.com/album/https://www.xsnvshen.com/album/35599,,CLHLNAEDJHHBHXG,0001:FluUrl, 1.0.0.0,D:\Project\coreproject\FluUrl\FluUrl\bin\Debug\net6.0\,FluUrl.Utils.NLogUtil.WriteFileLog,58,D:\Project\coreproject\FluUrl\FluUrl\bin\Debug\net6.0,30696,FluUrl,C:\Users\Administrator\Desktop,<Get>d__8.MoveNext => NLogUtil.WriteAll => NLogUtil.WriteFileLog,2022-01-24 10:58:09.3676,,ERROR,logfile,,
2022/01/24 10:58:09.580,失败,获取相册失败https://www.xsnvshen.com/album/https://www.xsnvshen.com/album/35654,,CLHLNAEDJHHBHXG,0001:FluUrl, 1.0.0.0,D:\Project\coreproject\FluUrl\FluUrl\bin\Debug\net6.0\,FluUrl.Utils.NLogUtil.WriteFileLog,59,D:\Project\coreproject\FluUrl\FluUrl\bin\Debug\net6.0,30696,FluUrl,C:\Users\Administrator\Desktop,<Get>d__8.MoveNext => NLogUtil.WriteAll => NLogUtil.WriteFileLog,2022-01-24 10:58:09.5807,,ERROR,logfile,,
2022/01/24 10:58:09.793,失败,获取相册失败https://www.xsnvshen.com/album/https://www.xsnvshen.com/album/35571,,CLHLNAEDJHHBHXG,0001:FluUrl, 1.0.0.0,D:\Project\coreproject\FluUrl\FluUrl\bin\Debug\net6.0\,FluUrl.Utils.NLogUtil.WriteFileLog,60,D:\Project\coreproject\FluUrl\FluUrl\bin\Debug\net6.0,30696,FluUrl,C:\Users\Administrator\Desktop,<Get>d__8.MoveNext => NLogUtil.WriteAll => NLogUtil.WriteFileLog,2022-01-24 10:58:09.7937,,ERROR,logfile,,
2022/01/24 10:58:09.985,失败,获取相册失败https://www.xsnvshen.com/album/https://www.xsnvshen.com/album/35644,,CLHLNAEDJHHBHXG,0001:FluUrl, 1.0.0.0,D:\Project\coreproject\FluUrl\FluUrl\bin\Debug\net6.0\,FluUrl.Utils.NLogUtil.WriteFileLog,61,D:\Project\coreproject\FluUrl\FluUrl\bin\Debug\net6.0,30696,FluUrl,C:\Users\Administrator\Desktop,<Get>d__8.MoveNext => NLogUtil.WriteAll => NLogUtil.WriteFileLog,2022-01-24 10:58:09.9853,,ERROR,logfile,,
2022/01/24 10:58:10.203,失败,获取相册失败https://www.xsnvshen.com/album/https://www.xsnvshen.com/album/35561,,CLHLNAEDJHHBHXG,0001:FluUrl, 1.0.0.0,D:\Project\coreproject\FluUrl\FluUrl\bin\Debug\net6.0\,FluUrl.Utils.NLogUtil.WriteFileLog,62,D:\Project\coreproject\FluUrl\FluUrl\bin\Debug\net6.0,30696,FluUrl,C:\Users\Administrator\Desktop,<Get>d__8.MoveNext => NLogUtil.WriteAll => NLogUtil.WriteFileLog,2022-01-24 10:58:10.2039,,ERROR,logfile,,
2022/01/24 10:58:10.419,失败,获取相册失败https://www.xsnvshen.com/album/https://www.xsnvshen.com/album/35619,,CLHLNAEDJHHBHXG,0001:FluUrl, 1.0.0.0,D:\Project\coreproject\FluUrl\FluUrl\bin\Debug\net6.0\,FluUrl.Utils.NLogUtil.WriteFileLog,63,D:\Project\coreproject\FluUrl\FluUrl\bin\Debug\net6.0,30696,FluUrl,C:\Users\Administrator\Desktop,<Get>d__8.MoveNext => NLogUtil.WriteAll => NLogUtil.WriteFileLog,2022-01-24 10:58:10.4196,,ERROR,logfile,,
2022/01/24 10:58:10.630,失败,获取相册失败https://www.xsnvshen.com/album/https://www.xsnvshen.com/album/35516,,CLHLNAEDJHHBHXG,0001:FluUrl, 1.0.0.0,D:\Project\coreproject\FluUrl\FluUrl\bin\Debug\net6.0\,FluUrl.Utils.NLogUtil.WriteFileLog,64,D:\Project\coreproject\FluUrl\FluUrl\bin\Debug\net6.0,30696,FluUrl,C:\Users\Administrator\Desktop,<Get>d__8.MoveNext => NLogUtil.WriteAll => NLogUtil.WriteFileLog,2022-01-24 10:58:10.6306,,ERROR,logfile,,
2022/01/24 10:58:10.837,失败,获取相册失败https://www.xsnvshen.com/album/https://www.xsnvshen.com/album/35599,,CLHLNAEDJHHBHXG,0001:FluUrl, 1.0.0.0,D:\Project\coreproject\FluUrl\FluUrl\bin\Debug\net6.0\,FluUrl.Utils.NLogUtil.WriteFileLog,65,D:\Project\coreproject\FluUrl\FluUrl\bin\Debug\net6.0,30696,FluUrl,C:\Users\Administrator\Desktop,<Get>d__8.MoveNext => NLogUtil.WriteAll => NLogUtil.WriteFileLog,2022-01-24 10:58:10.8376,,ERROR,logfile,,
2022/01/24 10:58:11.056,失败,获取相册失败https://www.xsnvshen.com/album/https://www.xsnvshen.com/album/35480,,CLHLNAEDJHHBHXG,0001:FluUrl, 1.0.0.0,D:\Project\coreproject\FluUrl\FluUrl\bin\Debug\net6.0\,FluUrl.Utils.NLogUtil.WriteFileLog,66,D:\Project\coreproject\FluUrl\FluUrl\bin\Debug\net6.0,30696,FluUrl,C:\Users\Administrator\Desktop,<Get>d__8.MoveNext => NLogUtil.WriteAll => NLogUtil.WriteFileLog,2022-01-24 10:58:11.0569,,ERROR,logfile,,
2022/01/24 10:58:11.237,失败,获取相册失败https://www.xsnvshen.com/album/https://www.xsnvshen.com/album/35571,,CLHLNAEDJHHBHXG,0001:FluUrl, 1.0.0.0,D:\Project\coreproject\FluUrl\FluUrl\bin\Debug\net6.0\,FluUrl.Utils.NLogUtil.WriteFileLog,67,D:\Project\coreproject\FluUrl\FluUrl\bin\Debug\net6.0,30696,FluUrl,C:\Users\Administrator\Desktop,<Get>d__8.MoveNext => NLogUtil.WriteAll => NLogUtil.WriteFileLog,2022-01-24 10:58:11.2375,,ERROR,logfile,,
2022/01/24 10:58:11.452,失败,获取相册失败https://www.xsnvshen.com/album/https://www.xsnvshen.com/album/35457,,CLHLNAEDJHHBHXG,0001:FluUrl, 1.0.0.0,D:\Project\coreproject\FluUrl\FluUrl\bin\Debug\net6.0\,FluUrl.Utils.NLogUtil.WriteFileLog,68,D:\Project\coreproject\FluUrl\FluUrl\bin\Debug\net6.0,30696,FluUrl,C:\Users\Administrator\Desktop,<Get>d__8.MoveNext => NLogUtil.WriteAll => NLogUtil.WriteFileLog,2022-01-24 10:58:11.4524,,ERROR,logfile,,
2022/01/24 10:58:11.684,失败,获取相册失败https://www.xsnvshen.com/album/https://www.xsnvshen.com/album/35561,,CLHLNAEDJHHBHXG,0001:FluUrl, 1.0.0.0,D:\Project\coreproject\FluUrl\FluUrl\bin\Debug\net6.0\,FluUrl.Utils.NLogUtil.WriteFileLog,69,D:\Project\coreproject\FluUrl\FluUrl\bin\Debug\net6.0,30696,FluUrl,C:\Users\Administrator\Desktop,<Get>d__8.MoveNext => NLogUtil.WriteAll => NLogUtil.WriteFileLog,2022-01-24 10:58:11.6843,,ERROR,logfile,,
2022/01/24 10:58:11.895,失败,获取相册失败https://www.xsnvshen.com/album/https://www.xsnvshen.com/album/35436,,CLHLNAEDJHHBHXG,0001:FluUrl, 1.0.0.0,D:\Project\coreproject\FluUrl\FluUrl\bin\Debug\net6.0\,FluUrl.Utils.NLogUtil.WriteFileLog,70,D:\Project\coreproject\FluUrl\FluUrl\bin\Debug\net6.0,30696,FluUrl,C:\Users\Administrator\Desktop,<Get>d__8.MoveNext => NLogUtil.WriteAll => NLogUtil.WriteFileLog,2022-01-24 10:58:11.8956,,ERROR,logfile,,
2022/01/24 10:58:12.110,失败,获取相册失败https://www.xsnvshen.com/album/https://www.xsnvshen.com/album/35516,,CLHLNAEDJHHBHXG,0001:FluUrl, 1.0.0.0,D:\Project\coreproject\FluUrl\FluUrl\bin\Debug\net6.0\,FluUrl.Utils.NLogUtil.WriteFileLog,71,D:\Project\coreproject\FluUrl\FluUrl\bin\Debug\net6.0,30696,FluUrl,C:\Users\Administrator\Desktop,<Get>d__8.MoveNext => NLogUtil.WriteAll => NLogUtil.WriteFileLog,2022-01-24 10:58:12.1102,,ERROR,logfile,,
2022/01/24 10:58:12.320,失败,获取相册失败https://www.xsnvshen.com/album/https://www.xsnvshen.com/album/35420,,CLHLNAEDJHHBHXG,0001:FluUrl, 1.0.0.0,D:\Project\coreproject\FluUrl\FluUrl\bin\Debug\net6.0\,FluUrl.Utils.NLogUtil.WriteFileLog,72,D:\Project\coreproject\FluUrl\FluUrl\bin\Debug\net6.0,30696,FluUrl,C:\Users\Administrator\Desktop,<Get>d__8.MoveNext => NLogUtil.WriteAll => NLogUtil.WriteFileLog,2022-01-24 10:58:12.3202,,ERROR,logfile,,
2022/01/24 10:58:12.531,失败,获取相册失败https://www.xsnvshen.com/album/https://www.xsnvshen.com/album/35480,,CLHLNAEDJHHBHXG,0001:FluUrl, 1.0.0.0,D:\Project\coreproject\FluUrl\FluUrl\bin\Debug\net6.0\,FluUrl.Utils.NLogUtil.WriteFileLog,73,D:\Project\coreproject\FluUrl\FluUrl\bin\Debug\net6.0,30696,FluUrl,C:\Users\Administrator\Desktop,<Get>d__8.MoveNext => NLogUtil.WriteAll => NLogUtil.WriteFileLog,2022-01-24 10:58:12.5319,,ERROR,logfile,,
2022/01/24 10:58:12.731,失败,获取相册失败https://www.xsnvshen.com/album/https://www.xsnvshen.com/album/35403,,CLHLNAEDJHHBHXG,0001:FluUrl, 1.0.0.0,D:\Project\coreproject\FluUrl\FluUrl\bin\Debug\net6.0\,FluUrl.Utils.NLogUtil.WriteFileLog,74,D:\Project\coreproject\FluUrl\FluUrl\bin\Debug\net6.0,30696,FluUrl,C:\Users\Administrator\Desktop,<Get>d__8.MoveNext => NLogUtil.WriteAll => NLogUtil.WriteFileLog,2022-01-24 10:58:12.7317,,ERROR,logfile,,
2022/01/24 10:58:12.965,失败,获取相册失败https://www.xsnvshen.com/album/https://www.xsnvshen.com/album/35457,,CLHLNAEDJHHBHXG,0001:FluUrl, 1.0.0.0,D:\Project\coreproject\FluUrl\FluUrl\bin\Debug\net6.0\,FluUrl.Utils.NLogUtil.WriteFileLog,75,D:\Project\coreproject\FluUrl\FluUrl\bin\Debug\net6.0,30696,FluUrl,C:\Users\Administrator\Desktop,<Get>d__8.MoveNext => NLogUtil.WriteAll => NLogUtil.WriteFileLog,2022-01-24 10:58:12.9652,,ERROR,logfile,,
2022/01/24 10:58:13.159,失败,获取相册失败https://www.xsnvshen.com/album/https://www.xsnvshen.com/album/35397,,CLHLNAEDJHHBHXG,0001:FluUrl, 1.0.0.0,D:\Project\coreproject\FluUrl\FluUrl\bin\Debug\net6.0\,FluUrl.Utils.NLogUtil.WriteFileLog,76,D:\Project\coreproject\FluUrl\FluUrl\bin\Debug\net6.0,30696,FluUrl,C:\Users\Administrator\Desktop,<Get>d__8.MoveNext => NLogUtil.WriteAll => NLogUtil.WriteFileLog,2022-01-24 10:58:13.1597,,ERROR,logfile,,
2022/01/24 10:58:13.387,失败,获取相册失败https://www.xsnvshen.com/album/https://www.xsnvshen.com/album/35436,,CLHLNAEDJHHBHXG,0001:FluUrl, 1.0.0.0,D:\Project\coreproject\FluUrl\FluUrl\bin\Debug\net6.0\,FluUrl.Utils.NLogUtil.WriteFileLog,77,D:\Project\coreproject\FluUrl\FluUrl\bin\Debug\net6.0,30696,FluUrl,C:\Users\Administrator\Desktop,<Get>d__8.MoveNext => NLogUtil.WriteAll => NLogUtil.WriteFileLog,2022-01-24 10:58:13.3877,,ERROR,logfile,,
2022/01/24 10:58:13.616,失败,获取相册失败https://www.xsnvshen.com/album/https://www.xsnvshen.com/album/35375,,CLHLNAEDJHHBHXG,0001:FluUrl, 1.0.0.0,D:\Project\coreproject\FluUrl\FluUrl\bin\Debug\net6.0\,FluUrl.Utils.NLogUtil.WriteFileLog,78,D:\Project\coreproject\FluUrl\FluUrl\bin\Debug\net6.0,30696,FluUrl,C:\Users\Administrator\Desktop,<Get>d__8.MoveNext => NLogUtil.WriteAll => NLogUtil.WriteFileLog,2022-01-24 10:58:13.6162,,ERROR,logfile,,
2022/01/24 10:58:13.817,失败,获取相册失败https://www.xsnvshen.com/album/https://www.xsnvshen.com/album/35420,,CLHLNAEDJHHBHXG,0001:FluUrl, 1.0.0.0,D:\Project\coreproject\FluUrl\FluUrl\bin\Debug\net6.0\,FluUrl.Utils.NLogUtil.WriteFileLog,79,D:\Project\coreproject\FluUrl\FluUrl\bin\Debug\net6.0,30696,FluUrl,C:\Users\Administrator\Desktop,<Get>d__8.MoveNext => NLogUtil.WriteAll => NLogUtil.WriteFileLog,2022-01-24 10:58:13.8177,,ERROR,logfile,,
2022/01/24 10:58:14.061,失败,获取相册失败https://www.xsnvshen.com/album/https://www.xsnvshen.com/album/35359,,CLHLNAEDJHHBHXG,0001:FluUrl, 1.0.0.0,D:\Project\coreproject\FluUrl\FluUrl\bin\Debug\net6.0\,FluUrl.Utils.NLogUtil.WriteFileLog,80,D:\Project\coreproject\FluUrl\FluUrl\bin\Debug\net6.0,30696,FluUrl,C:\Users\Administrator\Desktop,<Get>d__8.MoveNext => NLogUtil.WriteAll => NLogUtil.WriteFileLog,2022-01-24 10:58:14.0611,,ERROR,logfile,,
2022/01/24 10:58:14.244,失败,获取相册失败https://www.xsnvshen.com/album/https://www.xsnvshen.com/album/35403,,CLHLNAEDJHHBHXG,0001:FluUrl, 1.0.0.0,D:\Project\coreproject\FluUrl\FluUrl\bin\Debug\net6.0\,FluUrl.Utils.NLogUtil.WriteFileLog,81,D:\Project\coreproject\FluUrl\FluUrl\bin\Debug\net6.0,30696,FluUrl,C:\Users\Administrator\Desktop,<Get>d__8.MoveNext => NLogUtil.WriteAll => NLogUtil.WriteFileLog,2022-01-24 10:58:14.2441,,ERROR,logfile,,
2022/01/24 10:58:14.454,失败,获取相册失败https://www.xsnvshen.com/album/https://www.xsnvshen.com/album/35338,,CLHLNAEDJHHBHXG,0001:FluUrl, 1.0.0.0,D:\Project\coreproject\FluUrl\FluUrl\bin\Debug\net6.0\,FluUrl.Utils.NLogUtil.WriteFileLog,82,D:\Project\coreproject\FluUrl\FluUrl\bin\Debug\net6.0,30696,FluUrl,C:\Users\Administrator\Desktop,<Get>d__8.MoveNext => NLogUtil.WriteAll => NLogUtil.WriteFileLog,2022-01-24 10:58:14.4540,,ERROR,logfile,,
2022/01/24 10:58:14.678,失败,获取相册失败https://www.xsnvshen.com/album/https://www.xsnvshen.com/album/35397,,CLHLNAEDJHHBHXG,0001:FluUrl, 1.0.0.0,D:\Project\coreproject\FluUrl\FluUrl\bin\Debug\net6.0\,FluUrl.Utils.NLogUtil.WriteFileLog,83,D:\Project\coreproject\FluUrl\FluUrl\bin\Debug\net6.0,30696,FluUrl,C:\Users\Administrator\Desktop,<Get>d__8.MoveNext => NLogUtil.WriteAll => NLogUtil.WriteFileLog,2022-01-24 10:58:14.6789,,ERROR,logfile,,
2022/01/24 10:58:14.902,失败,获取相册失败https://www.xsnvshen.com/album/https://www.xsnvshen.com/album/35317,,CLHLNAEDJHHBHXG,0001:FluUrl, 1.0.0.0,D:\Project\coreproject\FluUrl\FluUrl\bin\Debug\net6.0\,FluUrl.Utils.NLogUtil.WriteFileLog,84,D:\Project\coreproject\FluUrl\FluUrl\bin\Debug\net6.0,30696,FluUrl,C:\Users\Administrator\Desktop,<Get>d__8.MoveNext => NLogUtil.WriteAll => NLogUtil.WriteFileLog,2022-01-24 10:58:14.9024,,ERROR,logfile,,
2022/01/24 10:58:15.092,失败,获取相册失败https://www.xsnvshen.com/album/https://www.xsnvshen.com/album/35375,,CLHLNAEDJHHBHXG,0001:FluUrl, 1.0.0.0,D:\Project\coreproject\FluUrl\FluUrl\bin\Debug\net6.0\,FluUrl.Utils.NLogUtil.WriteFileLog,85,D:\Project\coreproject\FluUrl\FluUrl\bin\Debug\net6.0,30696,FluUrl,C:\Users\Administrator\Desktop,<Get>d__8.MoveNext => NLogUtil.WriteAll => NLogUtil.WriteFileLog,2022-01-24 10:58:15.0923,,ERROR,logfile,,
2022/01/24 10:58:15.291,失败,获取相册失败https://www.xsnvshen.com/album/https://www.xsnvshen.com/album/35303,,CLHLNAEDJHHBHXG,0001:FluUrl, 1.0.0.0,D:\Project\coreproject\FluUrl\FluUrl\bin\Debug\net6.0\,FluUrl.Utils.NLogUtil.WriteFileLog,86,D:\Project\coreproject\FluUrl\FluUrl\bin\Debug\net6.0,30696,FluUrl,C:\Users\Administrator\Desktop,<Get>d__8.MoveNext => NLogUtil.WriteAll => NLogUtil.WriteFileLog,2022-01-24 10:58:15.2910,,ERROR,logfile,,
2022/01/24 10:58:15.533,失败,获取相册失败https://www.xsnvshen.com/album/https://www.xsnvshen.com/album/35359,,CLHLNAEDJHHBHXG,0001:FluUrl, 1.0.0.0,D:\Project\coreproject\FluUrl\FluUrl\bin\Debug\net6.0\,FluUrl.Utils.NLogUtil.WriteFileLog,87,D:\Project\coreproject\FluUrl\FluUrl\bin\Debug\net6.0,30696,FluUrl,C:\Users\Administrator\Desktop,<Get>d__8.MoveNext => NLogUtil.WriteAll => NLogUtil.WriteFileLog,2022-01-24 10:58:15.5339,,ERROR,logfile,,
2022/01/24 10:58:15.694,失败,获取相册失败https://www.xsnvshen.com/album/https://www.xsnvshen.com/album/35283,,CLHLNAEDJHHBHXG,0001:FluUrl, 1.0.0.0,D:\Project\coreproject\FluUrl\FluUrl\bin\Debug\net6.0\,FluUrl.Utils.NLogUtil.WriteFileLog,88,D:\Project\coreproject\FluUrl\FluUrl\bin\Debug\net6.0,30696,FluUrl,C:\Users\Administrator\Desktop,<Get>d__8.MoveNext => NLogUtil.WriteAll => NLogUtil.WriteFileLog,2022-01-24 10:58:15.6942,,ERROR,logfile,,
2022/01/24 10:58:15.893,失败,获取相册失败https://www.xsnvshen.com/album/https://www.xsnvshen.com/album/35338,,CLHLNAEDJHHBHXG,0001:FluUrl, 1.0.0.0,D:\Project\coreproject\FluUrl\FluUrl\bin\Debug\net6.0\,FluUrl.Utils.NLogUtil.WriteFileLog,89,D:\Project\coreproject\FluUrl\FluUrl\bin\Debug\net6.0,30696,FluUrl,C:\Users\Administrator\Desktop,<Get>d__8.MoveNext => NLogUtil.WriteAll => NLogUtil.WriteFileLog,2022-01-24 10:58:15.8939,,ERROR,logfile,,
2022/01/24 10:58:16.115,失败,获取相册失败https://www.xsnvshen.com/album/https://www.xsnvshen.com/album/35267,,CLHLNAEDJHHBHXG,0001:FluUrl, 1.0.0.0,D:\Project\coreproject\FluUrl\FluUrl\bin\Debug\net6.0\,FluUrl.Utils.NLogUtil.WriteFileLog,90,D:\Project\coreproject\FluUrl\FluUrl\bin\Debug\net6.0,30696,FluUrl,C:\Users\Administrator\Desktop,<Get>d__8.MoveNext => NLogUtil.WriteAll => NLogUtil.WriteFileLog,2022-01-24 10:58:16.1152,,ERROR,logfile,,
2022/01/24 10:58:16.305,失败,获取相册失败https://www.xsnvshen.com/album/https://www.xsnvshen.com/album/35317,,CLHLNAEDJHHBHXG,0001:FluUrl, 1.0.0.0,D:\Project\coreproject\FluUrl\FluUrl\bin\Debug\net6.0\,FluUrl.Utils.NLogUtil.WriteFileLog,91,D:\Project\coreproject\FluUrl\FluUrl\bin\Debug\net6.0,30696,FluUrl,C:\Users\Administrator\Desktop,<Get>d__8.MoveNext => NLogUtil.WriteAll => NLogUtil.WriteFileLog,2022-01-24 10:58:16.3051,,ERROR,logfile,,
2022/01/24 10:58:16.520,失败,获取相册失败https://www.xsnvshen.com/album/https://www.xsnvshen.com/album/35248,,CLHLNAEDJHHBHXG,0001:FluUrl, 1.0.0.0,D:\Project\coreproject\FluUrl\FluUrl\bin\Debug\net6.0\,FluUrl.Utils.NLogUtil.WriteFileLog,92,D:\Project\coreproject\FluUrl\FluUrl\bin\Debug\net6.0,30696,FluUrl,C:\Users\Administrator\Desktop,<Get>d__8.MoveNext => NLogUtil.WriteAll => NLogUtil.WriteFileLog,2022-01-24 10:58:16.5208,,ERROR,logfile,,
2022/01/24 10:58:16.716,失败,获取相册失败https://www.xsnvshen.com/album/https://www.xsnvshen.com/album/35303,,CLHLNAEDJHHBHXG,0001:FluUrl, 1.0.0.0,D:\Project\coreproject\FluUrl\FluUrl\bin\Debug\net6.0\,FluUrl.Utils.NLogUtil.WriteFileLog,93,D:\Project\coreproject\FluUrl\FluUrl\bin\Debug\net6.0,30696,FluUrl,C:\Users\Administrator\Desktop,<Get>d__8.MoveNext => NLogUtil.WriteAll => NLogUtil.WriteFileLog,2022-01-24 10:58:16.7165,,ERROR,logfile,,
2022/01/24 10:58:16.936,失败,获取相册失败https://www.xsnvshen.com/album/https://www.xsnvshen.com/album/35223,,CLHLNAEDJHHBHXG,0001:FluUrl, 1.0.0.0,D:\Project\coreproject\FluUrl\FluUrl\bin\Debug\net6.0\,FluUrl.Utils.NLogUtil.WriteFileLog,94,D:\Project\coreproject\FluUrl\FluUrl\bin\Debug\net6.0,30696,FluUrl,C:\Users\Administrator\Desktop,<Get>d__8.MoveNext => NLogUtil.WriteAll => NLogUtil.WriteFileLog,2022-01-24 10:58:16.9363,,ERROR,logfile,,
2022/01/24 10:58:17.144,失败,获取相册失败https://www.xsnvshen.com/album/https://www.xsnvshen.com/album/35283,,CLHLNAEDJHHBHXG,0001:FluUrl, 1.0.0.0,D:\Project\coreproject\FluUrl\FluUrl\bin\Debug\net6.0\,FluUrl.Utils.NLogUtil.WriteFileLog,95,D:\Project\coreproject\FluUrl\FluUrl\bin\Debug\net6.0,30696,FluUrl,C:\Users\Administrator\Desktop,<Get>d__8.MoveNext => NLogUtil.WriteAll => NLogUtil.WriteFileLog,2022-01-24 10:58:17.1447,,ERROR,logfile,,
2022/01/24 10:58:17.384,失败,获取相册失败https://www.xsnvshen.com/album/https://www.xsnvshen.com/album/35207,,CLHLNAEDJHHBHXG,0001:FluUrl, 1.0.0.0,D:\Project\coreproject\FluUrl\FluUrl\bin\Debug\net6.0\,FluUrl.Utils.NLogUtil.WriteFileLog,96,D:\Project\coreproject\FluUrl\FluUrl\bin\Debug\net6.0,30696,FluUrl,C:\Users\Administrator\Desktop,<Get>d__8.MoveNext => NLogUtil.WriteAll => NLogUtil.WriteFileLog,2022-01-24 10:58:17.3840,,ERROR,logfile,,
2022/01/24 10:58:17.540,失败,获取相册失败https://www.xsnvshen.com/album/https://www.xsnvshen.com/album/35267,,CLHLNAEDJHHBHXG,0001:FluUrl, 1.0.0.0,D:\Project\coreproject\FluUrl\FluUrl\bin\Debug\net6.0\,FluUrl.Utils.NLogUtil.WriteFileLog,97,D:\Project\coreproject\FluUrl\FluUrl\bin\Debug\net6.0,30696,FluUrl,C:\Users\Administrator\Desktop,<Get>d__8.MoveNext => NLogUtil.WriteAll => NLogUtil.WriteFileLog,2022-01-24 10:58:17.5404,,ERROR,logfile,,
2022/01/24 10:58:17.731,失败,获取相册失败https://www.xsnvshen.com/album/https://www.xsnvshen.com/album/35191,,CLHLNAEDJHHBHXG,0001:FluUrl, 1.0.0.0,D:\Project\coreproject\FluUrl\FluUrl\bin\Debug\net6.0\,FluUrl.Utils.NLogUtil.WriteFileLog,98,D:\Project\coreproject\FluUrl\FluUrl\bin\Debug\net6.0,30696,FluUrl,C:\Users\Administrator\Desktop,<Get>d__8.MoveNext => NLogUtil.WriteAll => NLogUtil.WriteFileLog,2022-01-24 10:58:17.7313,,ERROR,logfile,,
2022/01/24 10:58:17.937,失败,获取相册失败https://www.xsnvshen.com/album/https://www.xsnvshen.com/album/35248,,CLHLNAEDJHHBHXG,0001:FluUrl, 1.0.0.0,D:\Project\coreproject\FluUrl\FluUrl\bin\Debug\net6.0\,FluUrl.Utils.NLogUtil.WriteFileLog,99,D:\Project\coreproject\FluUrl\FluUrl\bin\Debug\net6.0,30696,FluUrl,C:\Users\Administrator\Desktop,<Get>d__8.MoveNext => NLogUtil.WriteAll => NLogUtil.WriteFileLog,2022-01-24 10:58:17.9370,,ERROR,logfile,,
2022/01/24 10:58:18.147,失败,获取相册失败https://www.xsnvshen.com/album/https://www.xsnvshen.com/album/35173,,CLHLNAEDJHHBHXG,0001:FluUrl, 1.0.0.0,D:\Project\coreproject\FluUrl\FluUrl\bin\Debug\net6.0\,FluUrl.Utils.NLogUtil.WriteFileLog,100,D:\Project\coreproject\FluUrl\FluUrl\bin\Debug\net6.0,30696,FluUrl,C:\Users\Administrator\Desktop,<Get>d__8.MoveNext => NLogUtil.WriteAll => NLogUtil.WriteFileLog,2022-01-24 10:58:18.1478,,ERROR,logfile,,
2022/01/24 10:58:18.318,失败,获取相册失败https://www.xsnvshen.com/album/https://www.xsnvshen.com/album/35223,,CLHLNAEDJHHBHXG,0001:FluUrl, 1.0.0.0,D:\Project\coreproject\FluUrl\FluUrl\bin\Debug\net6.0\,FluUrl.Utils.NLogUtil.WriteFileLog,101,D:\Project\coreproject\FluUrl\FluUrl\bin\Debug\net6.0,30696,FluUrl,C:\Users\Administrator\Desktop,<Get>d__8.MoveNext => NLogUtil.WriteAll => NLogUtil.WriteFileLog,2022-01-24 10:58:18.3180,,ERROR,logfile,,
2022/01/24 10:58:18.532,失败,获取相册失败https://www.xsnvshen.com/album/https://www.xsnvshen.com/album/35150,,CLHLNAEDJHHBHXG,0001:FluUrl, 1.0.0.0,D:\Project\coreproject\FluUrl\FluUrl\bin\Debug\net6.0\,FluUrl.Utils.NLogUtil.WriteFileLog,102,D:\Project\coreproject\FluUrl\FluUrl\bin\Debug\net6.0,30696,FluUrl,C:\Users\Administrator\Desktop,<Get>d__8.MoveNext => NLogUtil.WriteAll => NLogUtil.WriteFileLog,2022-01-24 10:58:18.5328,,ERROR,logfile,,
2022/01/24 10:58:18.734,失败,获取相册失败https://www.xsnvshen.com/album/https://www.xsnvshen.com/album/35207,,CLHLNAEDJHHBHXG,0001:FluUrl, 1.0.0.0,D:\Project\coreproject\FluUrl\FluUrl\bin\Debug\net6.0\,FluUrl.Utils.NLogUtil.WriteFileLog,103,D:\Project\coreproject\FluUrl\FluUrl\bin\Debug\net6.0,30696,FluUrl,C:\Users\Administrator\Desktop,<Get>d__8.MoveNext => NLogUtil.WriteAll => NLogUtil.WriteFileLog,2022-01-24 10:58:18.7347,,ERROR,logfile,,
2022/01/24 10:58:18.899,失败,获取相册失败https://www.xsnvshen.com/album/https://www.xsnvshen.com/album/35071,,CLHLNAEDJHHBHXG,0001:FluUrl, 1.0.0.0,D:\Project\coreproject\FluUrl\FluUrl\bin\Debug\net6.0\,FluUrl.Utils.NLogUtil.WriteFileLog,104,D:\Project\coreproject\FluUrl\FluUrl\bin\Debug\net6.0,30696,FluUrl,C:\Users\Administrator\Desktop,<Get>d__8.MoveNext => NLogUtil.WriteAll => NLogUtil.WriteFileLog,2022-01-24 10:58:18.8990,,ERROR,logfile,,
2022/01/24 10:58:19.109,失败,获取相册失败https://www.xsnvshen.com/album/https://www.xsnvshen.com/album/35191,,CLHLNAEDJHHBHXG,0001:FluUrl, 1.0.0.0,D:\Project\coreproject\FluUrl\FluUrl\bin\Debug\net6.0\,FluUrl.Utils.NLogUtil.WriteFileLog,105,D:\Project\coreproject\FluUrl\FluUrl\bin\Debug\net6.0,30696,FluUrl,C:\Users\Administrator\Desktop,<Get>d__8.MoveNext => NLogUtil.WriteAll => NLogUtil.WriteFileLog,2022-01-24 10:58:19.1091,,ERROR,logfile,,
2022/01/24 10:58:19.305,失败,获取相册失败https://www.xsnvshen.com/album/https://www.xsnvshen.com/album/34989,,CLHLNAEDJHHBHXG,0001:FluUrl, 1.0.0.0,D:\Project\coreproject\FluUrl\FluUrl\bin\Debug\net6.0\,FluUrl.Utils.NLogUtil.WriteFileLog,106,D:\Project\coreproject\FluUrl\FluUrl\bin\Debug\net6.0,30696,FluUrl,C:\Users\Administrator\Desktop,<Get>d__8.MoveNext => NLogUtil.WriteAll => NLogUtil.WriteFileLog,2022-01-24 10:58:19.3053,,ERROR,logfile,,
2022/01/24 10:58:19.520,失败,获取相册失败https://www.xsnvshen.com/album/https://www.xsnvshen.com/album/35173,,CLHLNAEDJHHBHXG,0001:FluUrl, 1.0.0.0,D:\Project\coreproject\FluUrl\FluUrl\bin\Debug\net6.0\,FluUrl.Utils.NLogUtil.WriteFileLog,107,D:\Project\coreproject\FluUrl\FluUrl\bin\Debug\net6.0,30696,FluUrl,C:\Users\Administrator\Desktop,<Get>d__8.MoveNext => NLogUtil.WriteAll => NLogUtil.WriteFileLog,2022-01-24 10:58:19.5207,,ERROR,logfile,,
2022/01/24 10:58:19.683,失败,获取相册失败https://www.xsnvshen.com/album/https://www.xsnvshen.com/album/34974,,CLHLNAEDJHHBHXG,0001:FluUrl, 1.0.0.0,D:\Project\coreproject\FluUrl\FluUrl\bin\Debug\net6.0\,FluUrl.Utils.NLogUtil.WriteFileLog,108,D:\Project\coreproject\FluUrl\FluUrl\bin\Debug\net6.0,30696,FluUrl,C:\Users\Administrator\Desktop,<Get>d__8.MoveNext => NLogUtil.WriteAll => NLogUtil.WriteFileLog,2022-01-24 10:58:19.6830,,ERROR,logfile,,
2022/01/24 10:58:19.894,失败,获取相册失败https://www.xsnvshen.com/album/https://www.xsnvshen.com/album/35150,,CLHLNAEDJHHBHXG,0001:FluUrl, 1.0.0.0,D:\Project\coreproject\FluUrl\FluUrl\bin\Debug\net6.0\,FluUrl.Utils.NLogUtil.WriteFileLog,109,D:\Project\coreproject\FluUrl\FluUrl\bin\Debug\net6.0,30696,FluUrl,C:\Users\Administrator\Desktop,<Get>d__8.MoveNext => NLogUtil.WriteAll => NLogUtil.WriteFileLog,2022-01-24 10:58:19.8946,,ERROR,logfile,,
2022/01/24 10:58:20.103,失败,获取相册失败https://www.xsnvshen.com/album/https://www.xsnvshen.com/album/34959,,CLHLNAEDJHHBHXG,0001:FluUrl, 1.0.0.0,D:\Project\coreproject\FluUrl\FluUrl\bin\Debug\net6.0\,FluUrl.Utils.NLogUtil.WriteFileLog,110,D:\Project\coreproject\FluUrl\FluUrl\bin\Debug\net6.0,30696,FluUrl,C:\Users\Administrator\Desktop,<Get>d__8.MoveNext => NLogUtil.WriteAll => NLogUtil.WriteFileLog,2022-01-24 10:58:20.1034,,ERROR,logfile,,
2022/01/24 10:58:20.296,失败,获取相册失败https://www.xsnvshen.com/album/https://www.xsnvshen.com/album/35071,,CLHLNAEDJHHBHXG,0001:FluUrl, 1.0.0.0,D:\Project\coreproject\FluUrl\FluUrl\bin\Debug\net6.0\,FluUrl.Utils.NLogUtil.WriteFileLog,111,D:\Project\coreproject\FluUrl\FluUrl\bin\Debug\net6.0,30696,FluUrl,C:\Users\Administrator\Desktop,<Get>d__8.MoveNext => NLogUtil.WriteAll => NLogUtil.WriteFileLog,2022-01-24 10:58:20.2968,,ERROR,logfile,,
2022/01/24 10:58:20.582,失败,获取相册失败https://www.xsnvshen.com/album/https://www.xsnvshen.com/album/34943,,CLHLNAEDJHHBHXG,0001:FluUrl, 1.0.0.0,D:\Project\coreproject\FluUrl\FluUrl\bin\Debug\net6.0\,FluUrl.Utils.NLogUtil.WriteFileLog,112,D:\Project\coreproject\FluUrl\FluUrl\bin\Debug\net6.0,30696,FluUrl,C:\Users\Administrator\Desktop,<Get>d__8.MoveNext => NLogUtil.WriteAll => NLogUtil.WriteFileLog,2022-01-24 10:58:20.5824,,ERROR,logfile,,
2022/01/24 10:58:20.739,失败,获取相册失败https://www.xsnvshen.com/album/https://www.xsnvshen.com/album/34989,,CLHLNAEDJHHBHXG,0001:FluUrl, 1.0.0.0,D:\Project\coreproject\FluUrl\FluUrl\bin\Debug\net6.0\,FluUrl.Utils.NLogUtil.WriteFileLog,113,D:\Project\coreproject\FluUrl\FluUrl\bin\Debug\net6.0,30696,FluUrl,C:\Users\Administrator\Desktop,<Get>d__8.MoveNext => NLogUtil.WriteAll => NLogUtil.WriteFileLog,2022-01-24 10:58:20.7392,,ERROR,logfile,,
2022/01/24 10:58:21.028,失败,获取相册失败https://www.xsnvshen.com/album/https://www.xsnvshen.com/album/34874,,CLHLNAEDJHHBHXG,0001:FluUrl, 1.0.0.0,D:\Project\coreproject\FluUrl\FluUrl\bin\Debug\net6.0\,FluUrl.Utils.NLogUtil.WriteFileLog,114,D:\Project\coreproject\FluUrl\FluUrl\bin\Debug\net6.0,30696,FluUrl,C:\Users\Administrator\Desktop,<Get>d__8.MoveNext => NLogUtil.WriteAll => NLogUtil.WriteFileLog,2022-01-24 10:58:21.0281,,ERROR,logfile,,
2022/01/24 10:58:21.464,失败,获取相册失败https://www.xsnvshen.com/album/https://www.xsnvshen.com/album/34974,,CLHLNAEDJHHBHXG,0001:FluUrl, 1.0.0.0,D:\Project\coreproject\FluUrl\FluUrl\bin\Debug\net6.0\,FluUrl.Utils.NLogUtil.WriteFileLog,115,D:\Project\coreproject\FluUrl\FluUrl\bin\Debug\net6.0,30696,FluUrl,C:\Users\Administrator\Desktop,<Get>d__8.MoveNext => NLogUtil.WriteAll => NLogUtil.WriteFileLog,2022-01-24 10:58:21.4644,,ERROR,logfile,,
2022/01/24 10:58:21.664,失败,获取相册失败https://www.xsnvshen.com/album/https://www.xsnvshen.com/album/34851,,CLHLNAEDJHHBHXG,0001:FluUrl, 1.0.0.0,D:\Project\coreproject\FluUrl\FluUrl\bin\Debug\net6.0\,FluUrl.Utils.NLogUtil.WriteFileLog,116,D:\Project\coreproject\FluUrl\FluUrl\bin\Debug\net6.0,30696,FluUrl,C:\Users\Administrator\Desktop,<Get>d__8.MoveNext => NLogUtil.WriteAll => NLogUtil.WriteFileLog,2022-01-24 10:58:21.6644,,ERROR,logfile,,
2022/01/24 10:58:21.879,失败,获取相册失败https://www.xsnvshen.com/album/https://www.xsnvshen.com/album/34959,,CLHLNAEDJHHBHXG,0001:FluUrl, 1.0.0.0,D:\Project\coreproject\FluUrl\FluUrl\bin\Debug\net6.0\,FluUrl.Utils.NLogUtil.WriteFileLog,117,D:\Project\coreproject\FluUrl\FluUrl\bin\Debug\net6.0,30696,FluUrl,C:\Users\Administrator\Desktop,<Get>d__8.MoveNext => NLogUtil.WriteAll => NLogUtil.WriteFileLog,2022-01-24 10:58:21.8794,,ERROR,logfile,,
2022/01/24 10:58:22.091,失败,获取相册失败https://www.xsnvshen.com/album/https://www.xsnvshen.com/album/34823,,CLHLNAEDJHHBHXG,0001:FluUrl, 1.0.0.0,D:\Project\coreproject\FluUrl\FluUrl\bin\Debug\net6.0\,FluUrl.Utils.NLogUtil.WriteFileLog,118,D:\Project\coreproject\FluUrl\FluUrl\bin\Debug\net6.0,30696,FluUrl,C:\Users\Administrator\Desktop,<Get>d__8.MoveNext => NLogUtil.WriteAll => NLogUtil.WriteFileLog,2022-01-24 10:58:22.0912,,ERROR,logfile,,
2022/01/24 10:58:22.291,失败,获取相册失败https://www.xsnvshen.com/album/https://www.xsnvshen.com/album/34943,,CLHLNAEDJHHBHXG,0001:FluUrl, 1.0.0.0,D:\Project\coreproject\FluUrl\FluUrl\bin\Debug\net6.0\,FluUrl.Utils.NLogUtil.WriteFileLog,119,D:\Project\coreproject\FluUrl\FluUrl\bin\Debug\net6.0,30696,FluUrl,C:\Users\Administrator\Desktop,<Get>d__8.MoveNext => NLogUtil.WriteAll => NLogUtil.WriteFileLog,2022-01-24 10:58:22.2916,,ERROR,logfile,,
2022/01/24 10:58:22.515,失败,获取相册失败https://www.xsnvshen.com/album/https://www.xsnvshen.com/album/34787,,CLHLNAEDJHHBHXG,0001:FluUrl, 1.0.0.0,D:\Project\coreproject\FluUrl\FluUrl\bin\Debug\net6.0\,FluUrl.Utils.NLogUtil.WriteFileLog,120,D:\Project\coreproject\FluUrl\FluUrl\bin\Debug\net6.0,30696,FluUrl,C:\Users\Administrator\Desktop,<Get>d__8.MoveNext => NLogUtil.WriteAll => NLogUtil.WriteFileLog,2022-01-24 10:58:22.5156,,ERROR,logfile,,
2022/01/24 10:58:22.736,失败,获取相册失败https://www.xsnvshen.com/album/https://www.xsnvshen.com/album/34874,,CLHLNAEDJHHBHXG,0001:FluUrl, 1.0.0.0,D:\Project\coreproject\FluUrl\FluUrl\bin\Debug\net6.0\,FluUrl.Utils.NLogUtil.WriteFileLog,121,D:\Project\coreproject\FluUrl\FluUrl\bin\Debug\net6.0,30696,FluUrl,C:\Users\Administrator\Desktop,<Get>d__8.MoveNext => NLogUtil.WriteAll => NLogUtil.WriteFileLog,2022-01-24 10:58:22.7364,,ERROR,logfile,,
2022/01/24 10:58:22.939,失败,获取相册失败https://www.xsnvshen.com/album/https://www.xsnvshen.com/album/34760,,CLHLNAEDJHHBHXG,0001:FluUrl, 1.0.0.0,D:\Project\coreproject\FluUrl\FluUrl\bin\Debug\net6.0\,FluUrl.Utils.NLogUtil.WriteFileLog,122,D:\Project\coreproject\FluUrl\FluUrl\bin\Debug\net6.0,30696,FluUrl,C:\Users\Administrator\Desktop,<Get>d__8.MoveNext => NLogUtil.WriteAll => NLogUtil.WriteFileLog,2022-01-24 10:58:22.9397,,ERROR,logfile,,
2022/01/24 10:58:23.305,失败,获取相册失败https://www.xsnvshen.com/album/https://www.xsnvshen.com/album/34851,,CLHLNAEDJHHBHXG,0001:FluUrl, 1.0.0.0,D:\Project\coreproject\FluUrl\FluUrl\bin\Debug\net6.0\,FluUrl.Utils.NLogUtil.WriteFileLog,123,D:\Project\coreproject\FluUrl\FluUrl\bin\Debug\net6.0,30696,FluUrl,C:\Users\Administrator\Desktop,<Get>d__8.MoveNext => NLogUtil.WriteAll => NLogUtil.WriteFileLog,2022-01-24 10:58:23.3055,,ERROR,logfile,,
2022/01/24 10:58:23.520,失败,获取相册失败https://www.xsnvshen.com/album/https://www.xsnvshen.com/album/34724,,CLHLNAEDJHHBHXG,0001:FluUrl, 1.0.0.0,D:\Project\coreproject\FluUrl\FluUrl\bin\Debug\net6.0\,FluUrl.Utils.NLogUtil.WriteFileLog,124,D:\Project\coreproject\FluUrl\FluUrl\bin\Debug\net6.0,30696,FluUrl,C:\Users\Administrator\Desktop,<Get>d__8.MoveNext => NLogUtil.WriteAll => NLogUtil.WriteFileLog,2022-01-24 10:58:23.5200,,ERROR,logfile,,
2022/01/24 10:58:23.739,失败,获取相册失败https://www.xsnvshen.com/album/https://www.xsnvshen.com/album/34823,,CLHLNAEDJHHBHXG,0001:FluUrl, 1.0.0.0,D:\Project\coreproject\FluUrl\FluUrl\bin\Debug\net6.0\,FluUrl.Utils.NLogUtil.WriteFileLog,125,D:\Project\coreproject\FluUrl\FluUrl\bin\Debug\net6.0,30696,FluUrl,C:\Users\Administrator\Desktop,<Get>d__8.MoveNext => NLogUtil.WriteAll => NLogUtil.WriteFileLog,2022-01-24 10:58:23.7397,,ERROR,logfile,,
2022/01/24 10:58:23.941,失败,获取相册失败https://www.xsnvshen.com/album/https://www.xsnvshen.com/album/34706,,CLHLNAEDJHHBHXG,0001:FluUrl, 1.0.0.0,D:\Project\coreproject\FluUrl\FluUrl\bin\Debug\net6.0\,FluUrl.Utils.NLogUtil.WriteFileLog,126,D:\Project\coreproject\FluUrl\FluUrl\bin\Debug\net6.0,30696,FluUrl,C:\Users\Administrator\Desktop,<Get>d__8.MoveNext => NLogUtil.WriteAll => NLogUtil.WriteFileLog,2022-01-24 10:58:23.9412,,ERROR,logfile,,
2022/01/24 10:58:24.157,失败,获取相册失败https://www.xsnvshen.com/album/https://www.xsnvshen.com/album/34787,,CLHLNAEDJHHBHXG,0001:FluUrl, 1.0.0.0,D:\Project\coreproject\FluUrl\FluUrl\bin\Debug\net6.0\,FluUrl.Utils.NLogUtil.WriteFileLog,127,D:\Project\coreproject\FluUrl\FluUrl\bin\Debug\net6.0,30696,FluUrl,C:\Users\Administrator\Desktop,<Get>d__8.MoveNext => NLogUtil.WriteAll => NLogUtil.WriteFileLog,2022-01-24 10:58:24.1570,,ERROR,logfile,,
2022/01/24 10:58:24.370,失败,获取相册失败https://www.xsnvshen.com/album/https://www.xsnvshen.com/album/34675,,CLHLNAEDJHHBHXG,0001:FluUrl, 1.0.0.0,D:\Project\coreproject\FluUrl\FluUrl\bin\Debug\net6.0\,FluUrl.Utils.NLogUtil.WriteFileLog,128,D:\Project\coreproject\FluUrl\FluUrl\bin\Debug\net6.0,30696,FluUrl,C:\Users\Administrator\Desktop,<Get>d__8.MoveNext => NLogUtil.WriteAll => NLogUtil.WriteFileLog,2022-01-24 10:58:24.3707,,ERROR,logfile,,
2022/01/24 10:58:24.567,失败,获取相册失败https://www.xsnvshen.com/album/https://www.xsnvshen.com/album/34760,,CLHLNAEDJHHBHXG,0001:FluUrl, 1.0.0.0,D:\Project\coreproject\FluUrl\FluUrl\bin\Debug\net6.0\,FluUrl.Utils.NLogUtil.WriteFileLog,129,D:\Project\coreproject\FluUrl\FluUrl\bin\Debug\net6.0,30696,FluUrl,C:\Users\Administrator\Desktop,<Get>d__8.MoveNext => NLogUtil.WriteAll => NLogUtil.WriteFileLog,2022-01-24 10:58:24.5673,,ERROR,logfile,,
2022/01/24 10:58:24.778,失败,获取相册失败https://www.xsnvshen.com/album/https://www.xsnvshen.com/album/34657,,CLHLNAEDJHHBHXG,0001:FluUrl, 1.0.0.0,D:\Project\coreproject\FluUrl\FluUrl\bin\Debug\net6.0\,FluUrl.Utils.NLogUtil.WriteFileLog,130,D:\Project\coreproject\FluUrl\FluUrl\bin\Debug\net6.0,30696,FluUrl,C:\Users\Administrator\Desktop,<Get>d__8.MoveNext => NLogUtil.WriteAll => NLogUtil.WriteFileLog,2022-01-24 10:58:24.7785,,ERROR,logfile,,
2022/01/24 10:58:24.977,失败,获取相册失败https://www.xsnvshen.com/album/https://www.xsnvshen.com/album/34724,,CLHLNAEDJHHBHXG,0001:FluUrl, 1.0.0.0,D:\Project\coreproject\FluUrl\FluUrl\bin\Debug\net6.0\,FluUrl.Utils.NLogUtil.WriteFileLog,131,D:\Project\coreproject\FluUrl\FluUrl\bin\Debug\net6.0,30696,FluUrl,C:\Users\Administrator\Desktop,<Get>d__8.MoveNext => NLogUtil.WriteAll => NLogUtil.WriteFileLog,2022-01-24 10:58:24.9770,,ERROR,logfile,,
2022/01/24 10:58:25.163,失败,获取相册失败https://www.xsnvshen.com/album/https://www.xsnvshen.com/album/34648,,CLHLNAEDJHHBHXG,0001:FluUrl, 1.0.0.0,D:\Project\coreproject\FluUrl\FluUrl\bin\Debug\net6.0\,FluUrl.Utils.NLogUtil.WriteFileLog,132,D:\Project\coreproject\FluUrl\FluUrl\bin\Debug\net6.0,30696,FluUrl,C:\Users\Administrator\Desktop,<Get>d__8.MoveNext => NLogUtil.WriteAll => NLogUtil.WriteFileLog,2022-01-24 10:58:25.1639,,ERROR,logfile,,
2022/01/24 10:58:25.431,失败,获取相册失败https://www.xsnvshen.com/album/https://www.xsnvshen.com/album/34706,,CLHLNAEDJHHBHXG,0001:FluUrl, 1.0.0.0,D:\Project\coreproject\FluUrl\FluUrl\bin\Debug\net6.0\,FluUrl.Utils.NLogUtil.WriteFileLog,133,D:\Project\coreproject\FluUrl\FluUrl\bin\Debug\net6.0,30696,FluUrl,C:\Users\Administrator\Desktop,<Get>d__8.MoveNext => NLogUtil.WriteAll => NLogUtil.WriteFileLog,2022-01-24 10:58:25.4314,,ERROR,logfile,,
2022/01/24 10:58:25.574,失败,获取相册失败https://www.xsnvshen.com/album/https://www.xsnvshen.com/album/34633,,CLHLNAEDJHHBHXG,0001:FluUrl, 1.0.0.0,D:\Project\coreproject\FluUrl\FluUrl\bin\Debug\net6.0\,FluUrl.Utils.NLogUtil.WriteFileLog,134,D:\Project\coreproject\FluUrl\FluUrl\bin\Debug\net6.0,30696,FluUrl,C:\Users\Administrator\Desktop,<Get>d__8.MoveNext => NLogUtil.WriteAll => NLogUtil.WriteFileLog,2022-01-24 10:58:25.5749,,ERROR,logfile,,
2022/01/24 10:58:25.798,失败,获取相册失败https://www.xsnvshen.com/album/https://www.xsnvshen.com/album/34675,,CLHLNAEDJHHBHXG,0001:FluUrl, 1.0.0.0,D:\Project\coreproject\FluUrl\FluUrl\bin\Debug\net6.0\,FluUrl.Utils.NLogUtil.WriteFileLog,135,D:\Project\coreproject\FluUrl\FluUrl\bin\Debug\net6.0,30696,FluUrl,C:\Users\Administrator\Desktop,<Get>d__8.MoveNext => NLogUtil.WriteAll => NLogUtil.WriteFileLog,2022-01-24 10:58:25.7981,,ERROR,logfile,,
2022/01/24 10:58:25.968,失败,获取相册失败https://www.xsnvshen.com/album/https://www.xsnvshen.com/album/34618,,CLHLNAEDJHHBHXG,0001:FluUrl, 1.0.0.0,D:\Project\coreproject\FluUrl\FluUrl\bin\Debug\net6.0\,FluUrl.Utils.NLogUtil.WriteFileLog,136,D:\Project\coreproject\FluUrl\FluUrl\bin\Debug\net6.0,30696,FluUrl,C:\Users\Administrator\Desktop,<Get>d__8.MoveNext => NLogUtil.WriteAll => NLogUtil.WriteFileLog,2022-01-24 10:58:25.9689,,ERROR,logfile,,
2022/01/24 10:58:26.191,失败,获取相册失败https://www.xsnvshen.com/album/https://www.xsnvshen.com/album/34657,,CLHLNAEDJHHBHXG,0001:FluUrl, 1.0.0.0,D:\Project\coreproject\FluUrl\FluUrl\bin\Debug\net6.0\,FluUrl.Utils.NLogUtil.WriteFileLog,137,D:\Project\coreproject\FluUrl\FluUrl\bin\Debug\net6.0,30696,FluUrl,C:\Users\Administrator\Desktop,<Get>d__8.MoveNext => NLogUtil.WriteAll => NLogUtil.WriteFileLog,2022-01-24 10:58:26.1918,,ERROR,logfile,,
2022/01/24 10:58:26.392,失败,获取相册失败https://www.xsnvshen.com/album/https://www.xsnvshen.com/album/34595,,CLHLNAEDJHHBHXG,0001:FluUrl, 1.0.0.0,D:\Project\coreproject\FluUrl\FluUrl\bin\Debug\net6.0\,FluUrl.Utils.NLogUtil.WriteFileLog,138,D:\Project\coreproject\FluUrl\FluUrl\bin\Debug\net6.0,30696,FluUrl,C:\Users\Administrator\Desktop,<Get>d__8.MoveNext => NLogUtil.WriteAll => NLogUtil.WriteFileLog,2022-01-24 10:58:26.3923,,ERROR,logfile,,
2022/01/24 10:58:26.609,失败,获取相册失败https://www.xsnvshen.com/album/https://www.xsnvshen.com/album/34648,,CLHLNAEDJHHBHXG,0001:FluUrl, 1.0.0.0,D:\Project\coreproject\FluUrl\FluUrl\bin\Debug\net6.0\,FluUrl.Utils.NLogUtil.WriteFileLog,139,D:\Project\coreproject\FluUrl\FluUrl\bin\Debug\net6.0,30696,FluUrl,C:\Users\Administrator\Desktop,<Get>d__8.MoveNext => NLogUtil.WriteAll => NLogUtil.WriteFileLog,2022-01-24 10:58:26.6097,,ERROR,logfile,,
2022/01/24 10:58:26.812,失败,获取相册失败https://www.xsnvshen.com/album/https://www.xsnvshen.com/album/34587,,CLHLNAEDJHHBHXG,0001:FluUrl, 1.0.0.0,D:\Project\coreproject\FluUrl\FluUrl\bin\Debug\net6.0\,FluUrl.Utils.NLogUtil.WriteFileLog,140,D:\Project\coreproject\FluUrl\FluUrl\bin\Debug\net6.0,30696,FluUrl,C:\Users\Administrator\Desktop,<Get>d__8.MoveNext => NLogUtil.WriteAll => NLogUtil.WriteFileLog,2022-01-24 10:58:26.8121,,ERROR,logfile,,
2022/01/24 10:58:27.024,失败,获取相册失败https://www.xsnvshen.com/album/https://www.xsnvshen.com/album/34633,,CLHLNAEDJHHBHXG,0001:FluUrl, 1.0.0.0,D:\Project\coreproject\FluUrl\FluUrl\bin\Debug\net6.0\,FluUrl.Utils.NLogUtil.WriteFileLog,141,D:\Project\coreproject\FluUrl\FluUrl\bin\Debug\net6.0,30696,FluUrl,C:\Users\Administrator\Desktop,<Get>d__8.MoveNext => NLogUtil.WriteAll => NLogUtil.WriteFileLog,2022-01-24 10:58:27.0247,,ERROR,logfile,,
2022/01/24 10:58:27.210,失败,获取相册失败https://www.xsnvshen.com/album/https://www.xsnvshen.com/album/34579,,CLHLNAEDJHHBHXG,0001:FluUrl, 1.0.0.0,D:\Project\coreproject\FluUrl\FluUrl\bin\Debug\net6.0\,FluUrl.Utils.NLogUtil.WriteFileLog,142,D:\Project\coreproject\FluUrl\FluUrl\bin\Debug\net6.0,30696,FluUrl,C:\Users\Administrator\Desktop,<Get>d__8.MoveNext => NLogUtil.WriteAll => NLogUtil.WriteFileLog,2022-01-24 10:58:27.2102,,ERROR,logfile,,
2022/01/24 10:58:27.406,失败,获取相册失败https://www.xsnvshen.com/album/https://www.xsnvshen.com/album/34618,,CLHLNAEDJHHBHXG,0001:FluUrl, 1.0.0.0,D:\Project\coreproject\FluUrl\FluUrl\bin\Debug\net6.0\,FluUrl.Utils.NLogUtil.WriteFileLog,143,D:\Project\coreproject\FluUrl\FluUrl\bin\Debug\net6.0,30696,FluUrl,C:\Users\Administrator\Desktop,<Get>d__8.MoveNext => NLogUtil.WriteAll => NLogUtil.WriteFileLog,2022-01-24 10:58:27.4066,,ERROR,logfile,,
2022/01/24 10:58:27.615,失败,获取相册失败https://www.xsnvshen.com/album/https://www.xsnvshen.com/album/34565,,CLHLNAEDJHHBHXG,0001:FluUrl, 1.0.0.0,D:\Project\coreproject\FluUrl\FluUrl\bin\Debug\net6.0\,FluUrl.Utils.NLogUtil.WriteFileLog,144,D:\Project\coreproject\FluUrl\FluUrl\bin\Debug\net6.0,30696,FluUrl,C:\Users\Administrator\Desktop,<Get>d__8.MoveNext => NLogUtil.WriteAll => NLogUtil.WriteFileLog,2022-01-24 10:58:27.6156,,ERROR,logfile,,
2022/01/24 10:58:27.825,失败,获取相册失败https://www.xsnvshen.com/album/https://www.xsnvshen.com/album/34595,,CLHLNAEDJHHBHXG,0001:FluUrl, 1.0.0.0,D:\Project\coreproject\FluUrl\FluUrl\bin\Debug\net6.0\,FluUrl.Utils.NLogUtil.WriteFileLog,145,D:\Project\coreproject\FluUrl\FluUrl\bin\Debug\net6.0,30696,FluUrl,C:\Users\Administrator\Desktop,<Get>d__8.MoveNext => NLogUtil.WriteAll => NLogUtil.WriteFileLog,2022-01-24 10:58:27.8253,,ERROR,logfile,,
2022/01/24 10:58:28.033,失败,获取相册失败https://www.xsnvshen.com/album/https://www.xsnvshen.com/album/34527,,CLHLNAEDJHHBHXG,0001:FluUrl, 1.0.0.0,D:\Project\coreproject\FluUrl\FluUrl\bin\Debug\net6.0\,FluUrl.Utils.NLogUtil.WriteFileLog,146,D:\Project\coreproject\FluUrl\FluUrl\bin\Debug\net6.0,30696,FluUrl,C:\Users\Administrator\Desktop,<Get>d__8.MoveNext => NLogUtil.WriteAll => NLogUtil.WriteFileLog,2022-01-24 10:58:28.0338,,ERROR,logfile,,
2022/01/24 10:58:28.235,失败,获取相册失败https://www.xsnvshen.com/album/https://www.xsnvshen.com/album/34587,,CLHLNAEDJHHBHXG,0001:FluUrl, 1.0.0.0,D:\Project\coreproject\FluUrl\FluUrl\bin\Debug\net6.0\,FluUrl.Utils.NLogUtil.WriteFileLog,147,D:\Project\coreproject\FluUrl\FluUrl\bin\Debug\net6.0,30696,FluUrl,C:\Users\Administrator\Desktop,<Get>d__8.MoveNext => NLogUtil.WriteAll => NLogUtil.WriteFileLog,2022-01-24 10:58:28.2358,,ERROR,logfile,,
2022/01/24 10:58:28.437,失败,获取相册失败https://www.xsnvshen.com/album/https://www.xsnvshen.com/album/34495,,CLHLNAEDJHHBHXG,0001:FluUrl, 1.0.0.0,D:\Project\coreproject\FluUrl\FluUrl\bin\Debug\net6.0\,FluUrl.Utils.NLogUtil.WriteFileLog,148,D:\Project\coreproject\FluUrl\FluUrl\bin\Debug\net6.0,30696,FluUrl,C:\Users\Administrator\Desktop,<Get>d__8.MoveNext => NLogUtil.WriteAll => NLogUtil.WriteFileLog,2022-01-24 10:58:28.4377,,ERROR,logfile,,
2022/01/24 10:58:28.691,失败,获取相册失败https://www.xsnvshen.com/album/https://www.xsnvshen.com/album/34579,,CLHLNAEDJHHBHXG,0001:FluUrl, 1.0.0.0,D:\Project\coreproject\FluUrl\FluUrl\bin\Debug\net6.0\,FluUrl.Utils.NLogUtil.WriteFileLog,149,D:\Project\coreproject\FluUrl\FluUrl\bin\Debug\net6.0,30696,FluUrl,C:\Users\Administrator\Desktop,<Get>d__8.MoveNext => NLogUtil.WriteAll => NLogUtil.WriteFileLog,2022-01-24 10:58:28.6911,,ERROR,logfile,,
2022/01/24 10:58:28.858,失败,获取相册失败https://www.xsnvshen.com/album/https://www.xsnvshen.com/album/34470,,CLHLNAEDJHHBHXG,0001:FluUrl, 1.0.0.0,D:\Project\coreproject\FluUrl\FluUrl\bin\Debug\net6.0\,FluUrl.Utils.NLogUtil.WriteFileLog,150,D:\Project\coreproject\FluUrl\FluUrl\bin\Debug\net6.0,30696,FluUrl,C:\Users\Administrator\Desktop,<Get>d__8.MoveNext => NLogUtil.WriteAll => NLogUtil.WriteFileLog,2022-01-24 10:58:28.8585,,ERROR,logfile,,
2022/01/24 10:58:29.078,失败,获取相册失败https://www.xsnvshen.com/album/https://www.xsnvshen.com/album/34565,,CLHLNAEDJHHBHXG,0001:FluUrl, 1.0.0.0,D:\Project\coreproject\FluUrl\FluUrl\bin\Debug\net6.0\,FluUrl.Utils.NLogUtil.WriteFileLog,151,D:\Project\coreproject\FluUrl\FluUrl\bin\Debug\net6.0,30696,FluUrl,C:\Users\Administrator\Desktop,<Get>d__8.MoveNext => NLogUtil.WriteAll => NLogUtil.WriteFileLog,2022-01-24 10:58:29.0783,,ERROR,logfile,,
2022/01/24 10:58:29.292,失败,获取相册失败https://www.xsnvshen.com/album/https://www.xsnvshen.com/album/34443,,CLHLNAEDJHHBHXG,0001:FluUrl, 1.0.0.0,D:\Project\coreproject\FluUrl\FluUrl\bin\Debug\net6.0\,FluUrl.Utils.NLogUtil.WriteFileLog,152,D:\Project\coreproject\FluUrl\FluUrl\bin\Debug\net6.0,30696,FluUrl,C:\Users\Administrator\Desktop,<Get>d__8.MoveNext => NLogUtil.WriteAll => NLogUtil.WriteFileLog,2022-01-24 10:58:29.2925,,ERROR,logfile,,
2022/01/24 10:58:29.520,失败,获取相册失败https://www.xsnvshen.com/album/https://www.xsnvshen.com/album/34527,,CLHLNAEDJHHBHXG,0001:FluUrl, 1.0.0.0,D:\Project\coreproject\FluUrl\FluUrl\bin\Debug\net6.0\,FluUrl.Utils.NLogUtil.WriteFileLog,153,D:\Project\coreproject\FluUrl\FluUrl\bin\Debug\net6.0,30696,FluUrl,C:\Users\Administrator\Desktop,<Get>d__8.MoveNext => NLogUtil.WriteAll => NLogUtil.WriteFileLog,2022-01-24 10:58:29.5208,,ERROR,logfile,,
2022/01/24 10:58:29.733,失败,获取相册失败https://www.xsnvshen.com/album/https://www.xsnvshen.com/album/34419,,CLHLNAEDJHHBHXG,0001:FluUrl, 1.0.0.0,D:\Project\coreproject\FluUrl\FluUrl\bin\Debug\net6.0\,FluUrl.Utils.NLogUtil.WriteFileLog,154,D:\Project\coreproject\FluUrl\FluUrl\bin\Debug\net6.0,30696,FluUrl,C:\Users\Administrator\Desktop,<Get>d__8.MoveNext => NLogUtil.WriteAll => NLogUtil.WriteFileLog,2022-01-24 10:58:29.7334,,ERROR,logfile,,
2022/01/24 10:58:29.934,失败,获取相册失败https://www.xsnvshen.com/album/https://www.xsnvshen.com/album/34495,,CLHLNAEDJHHBHXG,0001:FluUrl, 1.0.0.0,D:\Project\coreproject\FluUrl\FluUrl\bin\Debug\net6.0\,FluUrl.Utils.NLogUtil.WriteFileLog,155,D:\Project\coreproject\FluUrl\FluUrl\bin\Debug\net6.0,30696,FluUrl,C:\Users\Administrator\Desktop,<Get>d__8.MoveNext => NLogUtil.WriteAll => NLogUtil.WriteFileLog,2022-01-24 10:58:29.9349,,ERROR,logfile,,
2022/01/24 10:58:30.142,失败,获取相册失败https://www.xsnvshen.com/album/https://www.xsnvshen.com/album/34410,,CLHLNAEDJHHBHXG,0001:FluUrl, 1.0.0.0,D:\Project\coreproject\FluUrl\FluUrl\bin\Debug\net6.0\,FluUrl.Utils.NLogUtil.WriteFileLog,156,D:\Project\coreproject\FluUrl\FluUrl\bin\Debug\net6.0,30696,FluUrl,C:\Users\Administrator\Desktop,<Get>d__8.MoveNext => NLogUtil.WriteAll => NLogUtil.WriteFileLog,2022-01-24 10:58:30.1427,,ERROR,logfile,,
2022/01/24 10:58:30.369,失败,获取相册失败https://www.xsnvshen.com/album/https://www.xsnvshen.com/album/34470,,CLHLNAEDJHHBHXG,0001:FluUrl, 1.0.0.0,D:\Project\coreproject\FluUrl\FluUrl\bin\Debug\net6.0\,FluUrl.Utils.NLogUtil.WriteFileLog,157,D:\Project\coreproject\FluUrl\FluUrl\bin\Debug\net6.0,30696,FluUrl,C:\Users\Administrator\Desktop,<Get>d__8.MoveNext => NLogUtil.WriteAll => NLogUtil.WriteFileLog,2022-01-24 10:58:30.3694,,ERROR,logfile,,
2022/01/24 10:58:30.560,失败,获取相册失败https://www.xsnvshen.com/album/https://www.xsnvshen.com/album/34402,,CLHLNAEDJHHBHXG,0001:FluUrl, 1.0.0.0,D:\Project\coreproject\FluUrl\FluUrl\bin\Debug\net6.0\,FluUrl.Utils.NLogUtil.WriteFileLog,158,D:\Project\coreproject\FluUrl\FluUrl\bin\Debug\net6.0,30696,FluUrl,C:\Users\Administrator\Desktop,<Get>d__8.MoveNext => NLogUtil.WriteAll => NLogUtil.WriteFileLog,2022-01-24 10:58:30.5603,,ERROR,logfile,,
2022/01/24 10:58:30.765,失败,获取相册失败https://www.xsnvshen.com/album/https://www.xsnvshen.com/album/34443,,CLHLNAEDJHHBHXG,0001:FluUrl, 1.0.0.0,D:\Project\coreproject\FluUrl\FluUrl\bin\Debug\net6.0\,FluUrl.Utils.NLogUtil.WriteFileLog,159,D:\Project\coreproject\FluUrl\FluUrl\bin\Debug\net6.0,30696,FluUrl,C:\Users\Administrator\Desktop,<Get>d__8.MoveNext => NLogUtil.WriteAll => NLogUtil.WriteFileLog,2022-01-24 10:58:30.7650,,ERROR,logfile,,
2022/01/24 10:58:30.983,失败,获取相册失败https://www.xsnvshen.com/album/https://www.xsnvshen.com/album/34393,,CLHLNAEDJHHBHXG,0001:FluUrl, 1.0.0.0,D:\Project\coreproject\FluUrl\FluUrl\bin\Debug\net6.0\,FluUrl.Utils.NLogUtil.WriteFileLog,160,D:\Project\coreproject\FluUrl\FluUrl\bin\Debug\net6.0,30696,FluUrl,C:\Users\Administrator\Desktop,<Get>d__8.MoveNext => NLogUtil.WriteAll => NLogUtil.WriteFileLog,2022-01-24 10:58:30.9835,,ERROR,logfile,,
2022/01/24 10:58:31.170,失败,获取相册失败https://www.xsnvshen.com/album/https://www.xsnvshen.com/album/34419,,CLHLNAEDJHHBHXG,0001:FluUrl, 1.0.0.0,D:\Project\coreproject\FluUrl\FluUrl\bin\Debug\net6.0\,FluUrl.Utils.NLogUtil.WriteFileLog,161,D:\Project\coreproject\FluUrl\FluUrl\bin\Debug\net6.0,30696,FluUrl,C:\Users\Administrator\Desktop,<Get>d__8.MoveNext => NLogUtil.WriteAll => NLogUtil.WriteFileLog,2022-01-24 10:58:31.1707,,ERROR,logfile,,
2022/01/24 10:58:31.344,失败,获取相册失败https://www.xsnvshen.com/album/https://www.xsnvshen.com/album/34341,,CLHLNAEDJHHBHXG,0001:FluUrl, 1.0.0.0,D:\Project\coreproject\FluUrl\FluUrl\bin\Debug\net6.0\,FluUrl.Utils.NLogUtil.WriteFileLog,162,D:\Project\coreproject\FluUrl\FluUrl\bin\Debug\net6.0,30696,FluUrl,C:\Users\Administrator\Desktop,<Get>d__8.MoveNext => NLogUtil.WriteAll => NLogUtil.WriteFileLog,2022-01-24 10:58:31.3444,,ERROR,logfile,,
2022/01/24 10:58:31.568,失败,获取相册失败https://www.xsnvshen.com/album/https://www.xsnvshen.com/album/34410,,CLHLNAEDJHHBHXG,0001:FluUrl, 1.0.0.0,D:\Project\coreproject\FluUrl\FluUrl\bin\Debug\net6.0\,FluUrl.Utils.NLogUtil.WriteFileLog,163,D:\Project\coreproject\FluUrl\FluUrl\bin\Debug\net6.0,30696,FluUrl,C:\Users\Administrator\Desktop,<Get>d__8.MoveNext => NLogUtil.WriteAll => NLogUtil.WriteFileLog,2022-01-24 10:58:31.5687,,ERROR,logfile,,
2022/01/24 10:58:31.780,失败,获取相册失败https://www.xsnvshen.com/album/https://www.xsnvshen.com/album/34241,,CLHLNAEDJHHBHXG,0001:FluUrl, 1.0.0.0,D:\Project\coreproject\FluUrl\FluUrl\bin\Debug\net6.0\,FluUrl.Utils.NLogUtil.WriteFileLog,164,D:\Project\coreproject\FluUrl\FluUrl\bin\Debug\net6.0,30696,FluUrl,C:\Users\Administrator\Desktop,<Get>d__8.MoveNext => NLogUtil.WriteAll => NLogUtil.WriteFileLog,2022-01-24 10:58:31.7805,,ERROR,logfile,,
2022/01/24 10:58:31.964,失败,获取相册失败https://www.xsnvshen.com/album/https://www.xsnvshen.com/album/34402,,CLHLNAEDJHHBHXG,0001:FluUrl, 1.0.0.0,D:\Project\coreproject\FluUrl\FluUrl\bin\Debug\net6.0\,FluUrl.Utils.NLogUtil.WriteFileLog,165,D:\Project\coreproject\FluUrl\FluUrl\bin\Debug\net6.0,30696,FluUrl,C:\Users\Administrator\Desktop,<Get>d__8.MoveNext => NLogUtil.WriteAll => NLogUtil.WriteFileLog,2022-01-24 10:58:31.9642,,ERROR,logfile,,
2022/01/24 10:58:32.157,失败,获取相册失败https://www.xsnvshen.com/album/https://www.xsnvshen.com/album/34216,,CLHLNAEDJHHBHXG,0001:FluUrl, 1.0.0.0,D:\Project\coreproject\FluUrl\FluUrl\bin\Debug\net6.0\,FluUrl.Utils.NLogUtil.WriteFileLog,166,D:\Project\coreproject\FluUrl\FluUrl\bin\Debug\net6.0,30696,FluUrl,C:\Users\Administrator\Desktop,<Get>d__8.MoveNext => NLogUtil.WriteAll => NLogUtil.WriteFileLog,2022-01-24 10:58:32.1578,,ERROR,logfile,,
2022/01/24 10:58:32.369,失败,获取相册失败https://www.xsnvshen.com/album/https://www.xsnvshen.com/album/34393,,CLHLNAEDJHHBHXG,0001:FluUrl, 1.0.0.0,D:\Project\coreproject\FluUrl\FluUrl\bin\Debug\net6.0\,FluUrl.Utils.NLogUtil.WriteFileLog,167,D:\Project\coreproject\FluUrl\FluUrl\bin\Debug\net6.0,30696,FluUrl,C:\Users\Administrator\Desktop,<Get>d__8.MoveNext => NLogUtil.WriteAll => NLogUtil.WriteFileLog,2022-01-24 10:58:32.3691,,ERROR,logfile,,
2022/01/24 10:58:32.579,失败,获取相册失败https://www.xsnvshen.com/album/https://www.xsnvshen.com/album/34188,,CLHLNAEDJHHBHXG,0001:FluUrl, 1.0.0.0,D:\Project\coreproject\FluUrl\FluUrl\bin\Debug\net6.0\,FluUrl.Utils.NLogUtil.WriteFileLog,168,D:\Project\coreproject\FluUrl\FluUrl\bin\Debug\net6.0,30696,FluUrl,C:\Users\Administrator\Desktop,<Get>d__8.MoveNext => NLogUtil.WriteAll => NLogUtil.WriteFileLog,2022-01-24 10:58:32.5798,,ERROR,logfile,,
2022/01/24 10:58:32.796,失败,获取相册失败https://www.xsnvshen.com/album/https://www.xsnvshen.com/album/34341,,CLHLNAEDJHHBHXG,0001:FluUrl, 1.0.0.0,D:\Project\coreproject\FluUrl\FluUrl\bin\Debug\net6.0\,FluUrl.Utils.NLogUtil.WriteFileLog,169,D:\Project\coreproject\FluUrl\FluUrl\bin\Debug\net6.0,30696,FluUrl,C:\Users\Administrator\Desktop,<Get>d__8.MoveNext => NLogUtil.WriteAll => NLogUtil.WriteFileLog,2022-01-24 10:58:32.7960,,ERROR,logfile,,
2022/01/24 10:58:33.008,失败,获取相册失败https://www.xsnvshen.com/album/https://www.xsnvshen.com/album/34151,,CLHLNAEDJHHBHXG,0001:FluUrl, 1.0.0.0,D:\Project\coreproject\FluUrl\FluUrl\bin\Debug\net6.0\,FluUrl.Utils.NLogUtil.WriteFileLog,170,D:\Project\coreproject\FluUrl\FluUrl\bin\Debug\net6.0,30696,FluUrl,C:\Users\Administrator\Desktop,<Get>d__8.MoveNext => NLogUtil.WriteAll => NLogUtil.WriteFileLog,2022-01-24 10:58:33.0082,,ERROR,logfile,,
2022/01/24 10:58:33.159,失败,获取相册失败https://www.xsnvshen.com/album/https://www.xsnvshen.com/album/34241,,CLHLNAEDJHHBHXG,0001:FluUrl, 1.0.0.0,D:\Project\coreproject\FluUrl\FluUrl\bin\Debug\net6.0\,FluUrl.Utils.NLogUtil.WriteFileLog,171,D:\Project\coreproject\FluUrl\FluUrl\bin\Debug\net6.0,30696,FluUrl,C:\Users\Administrator\Desktop,<Get>d__8.MoveNext => NLogUtil.WriteAll => NLogUtil.WriteFileLog,2022-01-24 10:58:33.1594,,ERROR,logfile,,
2022/01/24 10:58:33.395,失败,获取相册失败https://www.xsnvshen.com/album/https://www.xsnvshen.com/album/34123,,CLHLNAEDJHHBHXG,0001:FluUrl, 1.0.0.0,D:\Project\coreproject\FluUrl\FluUrl\bin\Debug\net6.0\,FluUrl.Utils.NLogUtil.WriteFileLog,172,D:\Project\coreproject\FluUrl\FluUrl\bin\Debug\net6.0,30696,FluUrl,C:\Users\Administrator\Desktop,<Get>d__8.MoveNext => NLogUtil.WriteAll => NLogUtil.WriteFileLog,2022-01-24 10:58:33.3956,,ERROR,logfile,,
2022/01/24 10:58:33.664,失败,获取相册失败https://www.xsnvshen.com/album/https://www.xsnvshen.com/album/34216,,CLHLNAEDJHHBHXG,0001:FluUrl, 1.0.0.0,D:\Project\coreproject\FluUrl\FluUrl\bin\Debug\net6.0\,FluUrl.Utils.NLogUtil.WriteFileLog,173,D:\Project\coreproject\FluUrl\FluUrl\bin\Debug\net6.0,30696,FluUrl,C:\Users\Administrator\Desktop,<Get>d__8.MoveNext => NLogUtil.WriteAll => NLogUtil.WriteFileLog,2022-01-24 10:58:33.6645,,ERROR,logfile,,
2022/01/24 10:58:33.813,失败,获取相册失败https://www.xsnvshen.com/album/https://www.xsnvshen.com/album/34103,,CLHLNAEDJHHBHXG,0001:FluUrl, 1.0.0.0,D:\Project\coreproject\FluUrl\FluUrl\bin\Debug\net6.0\,FluUrl.Utils.NLogUtil.WriteFileLog,174,D:\Project\coreproject\FluUrl\FluUrl\bin\Debug\net6.0,30696,FluUrl,C:\Users\Administrator\Desktop,<Get>d__8.MoveNext => NLogUtil.WriteAll => NLogUtil.WriteFileLog,2022-01-24 10:58:33.8138,,ERROR,logfile,,
2022/01/24 10:58:34.021,失败,获取相册失败https://www.xsnvshen.com/album/https://www.xsnvshen.com/album/34188,,CLHLNAEDJHHBHXG,0001:FluUrl, 1.0.0.0,D:\Project\coreproject\FluUrl\FluUrl\bin\Debug\net6.0\,FluUrl.Utils.NLogUtil.WriteFileLog,175,D:\Project\coreproject\FluUrl\FluUrl\bin\Debug\net6.0,30696,FluUrl,C:\Users\Administrator\Desktop,<Get>d__8.MoveNext => NLogUtil.WriteAll => NLogUtil.WriteFileLog,2022-01-24 10:58:34.0215,,ERROR,logfile,,
2022/01/24 10:58:34.212,失败,获取相册失败https://www.xsnvshen.com/album/https://www.xsnvshen.com/album/34086,,CLHLNAEDJHHBHXG,0001:FluUrl, 1.0.0.0,D:\Project\coreproject\FluUrl\FluUrl\bin\Debug\net6.0\,FluUrl.Utils.NLogUtil.WriteFileLog,176,D:\Project\coreproject\FluUrl\FluUrl\bin\Debug\net6.0,30696,FluUrl,C:\Users\Administrator\Desktop,<Get>d__8.MoveNext => NLogUtil.WriteAll => NLogUtil.WriteFileLog,2022-01-24 10:58:34.2128,,ERROR,logfile,,
2022/01/24 10:58:34.441,失败,获取相册失败https://www.xsnvshen.com/album/https://www.xsnvshen.com/album/34151,,CLHLNAEDJHHBHXG,0001:FluUrl, 1.0.0.0,D:\Project\coreproject\FluUrl\FluUrl\bin\Debug\net6.0\,FluUrl.Utils.NLogUtil.WriteFileLog,177,D:\Project\coreproject\FluUrl\FluUrl\bin\Debug\net6.0,30696,FluUrl,C:\Users\Administrator\Desktop,<Get>d__8.MoveNext => NLogUtil.WriteAll => NLogUtil.WriteFileLog,2022-01-24 10:58:34.4413,,ERROR,logfile,,
2022/01/24 10:58:34.673,失败,获取相册失败https://www.xsnvshen.com/album/https://www.xsnvshen.com/album/34069,,CLHLNAEDJHHBHXG,0001:FluUrl, 1.0.0.0,D:\Project\coreproject\FluUrl\FluUrl\bin\Debug\net6.0\,FluUrl.Utils.NLogUtil.WriteFileLog,178,D:\Project\coreproject\FluUrl\FluUrl\bin\Debug\net6.0,30696,FluUrl,C:\Users\Administrator\Desktop,<Get>d__8.MoveNext => NLogUtil.WriteAll => NLogUtil.WriteFileLog,2022-01-24 10:58:34.6730,,ERROR,logfile,,
2022/01/24 10:58:35.052,失败,获取相册失败https://www.xsnvshen.com/album/https://www.xsnvshen.com/album/34033,,CLHLNAEDJHHBHXG,0001:FluUrl, 1.0.0.0,D:\Project\coreproject\FluUrl\FluUrl\bin\Debug\net6.0\,FluUrl.Utils.NLogUtil.WriteFileLog,179,D:\Project\coreproject\FluUrl\FluUrl\bin\Debug\net6.0,30696,FluUrl,C:\Users\Administrator\Desktop,<Get>d__8.MoveNext => NLogUtil.WriteAll => NLogUtil.WriteFileLog,2022-01-24 10:58:35.0529,,ERROR,logfile,,
2022/01/24 10:58:35.264,失败,获取相册失败https://www.xsnvshen.com/album/https://www.xsnvshen.com/album/34103,,CLHLNAEDJHHBHXG,0001:FluUrl, 1.0.0.0,D:\Project\coreproject\FluUrl\FluUrl\bin\Debug\net6.0\,FluUrl.Utils.NLogUtil.WriteFileLog,180,D:\Project\coreproject\FluUrl\FluUrl\bin\Debug\net6.0,30696,FluUrl,C:\Users\Administrator\Desktop,<Get>d__8.MoveNext => NLogUtil.WriteAll => NLogUtil.WriteFileLog,2022-01-24 10:58:35.2645,,ERROR,logfile,,
2022/01/24 10:58:35.470,失败,获取相册失败https://www.xsnvshen.com/album/https://www.xsnvshen.com/album/34007,,CLHLNAEDJHHBHXG,0001:FluUrl, 1.0.0.0,D:\Project\coreproject\FluUrl\FluUrl\bin\Debug\net6.0\,FluUrl.Utils.NLogUtil.WriteFileLog,181,D:\Project\coreproject\FluUrl\FluUrl\bin\Debug\net6.0,30696,FluUrl,C:\Users\Administrator\Desktop,<Get>d__8.MoveNext => NLogUtil.WriteAll => NLogUtil.WriteFileLog,2022-01-24 10:58:35.4706,,ERROR,logfile,,
2022/01/24 10:58:35.662,失败,获取相册失败https://www.xsnvshen.com/album/https://www.xsnvshen.com/album/34086,,CLHLNAEDJHHBHXG,0001:FluUrl, 1.0.0.0,D:\Project\coreproject\FluUrl\FluUrl\bin\Debug\net6.0\,FluUrl.Utils.NLogUtil.WriteFileLog,182,D:\Project\coreproject\FluUrl\FluUrl\bin\Debug\net6.0,30696,FluUrl,C:\Users\Administrator\Desktop,<Get>d__8.MoveNext => NLogUtil.WriteAll => NLogUtil.WriteFileLog,2022-01-24 10:58:35.6628,,ERROR,logfile,,
2022/01/24 10:58:35.875,失败,获取相册失败https://www.xsnvshen.com/album/https://www.xsnvshen.com/album/33998,,CLHLNAEDJHHBHXG,0001:FluUrl, 1.0.0.0,D:\Project\coreproject\FluUrl\FluUrl\bin\Debug\net6.0\,FluUrl.Utils.NLogUtil.WriteFileLog,183,D:\Project\coreproject\FluUrl\FluUrl\bin\Debug\net6.0,30696,FluUrl,C:\Users\Administrator\Desktop,<Get>d__8.MoveNext => NLogUtil.WriteAll => NLogUtil.WriteFileLog,2022-01-24 10:58:35.8750,,ERROR,logfile,,
2022/01/24 10:58:36.081,失败,获取相册失败https://www.xsnvshen.com/album/https://www.xsnvshen.com/album/34069,,CLHLNAEDJHHBHXG,0001:FluUrl, 1.0.0.0,D:\Project\coreproject\FluUrl\FluUrl\bin\Debug\net6.0\,FluUrl.Utils.NLogUtil.WriteFileLog,184,D:\Project\coreproject\FluUrl\FluUrl\bin\Debug\net6.0,30696,FluUrl,C:\Users\Administrator\Desktop,<Get>d__8.MoveNext => NLogUtil.WriteAll => NLogUtil.WriteFileLog,2022-01-24 10:58:36.0819,,ERROR,logfile,,
2022/01/24 10:58:36.285,失败,获取相册失败https://www.xsnvshen.com/album/https://www.xsnvshen.com/album/33972,,CLHLNAEDJHHBHXG,0001:FluUrl, 1.0.0.0,D:\Project\coreproject\FluUrl\FluUrl\bin\Debug\net6.0\,FluUrl.Utils.NLogUtil.WriteFileLog,185,D:\Project\coreproject\FluUrl\FluUrl\bin\Debug\net6.0,30696,FluUrl,C:\Users\Administrator\Desktop,<Get>d__8.MoveNext => NLogUtil.WriteAll => NLogUtil.WriteFileLog,2022-01-24 10:58:36.2856,,ERROR,logfile,,
2022/01/24 10:58:36.507,失败,获取相册失败https://www.xsnvshen.com/album/https://www.xsnvshen.com/album/34033,,CLHLNAEDJHHBHXG,0001:FluUrl, 1.0.0.0,D:\Project\coreproject\FluUrl\FluUrl\bin\Debug\net6.0\,FluUrl.Utils.NLogUtil.WriteFileLog,186,D:\Project\coreproject\FluUrl\FluUrl\bin\Debug\net6.0,30696,FluUrl,C:\Users\Administrator\Desktop,<Get>d__8.MoveNext => NLogUtil.WriteAll => NLogUtil.WriteFileLog,2022-01-24 10:58:36.5076,,ERROR,logfile,,
2022/01/24 10:58:36.689,失败,获取相册失败https://www.xsnvshen.com/album/https://www.xsnvshen.com/album/33904,,CLHLNAEDJHHBHXG,0001:FluUrl, 1.0.0.0,D:\Project\coreproject\FluUrl\FluUrl\bin\Debug\net6.0\,FluUrl.Utils.NLogUtil.WriteFileLog,187,D:\Project\coreproject\FluUrl\FluUrl\bin\Debug\net6.0,30696,FluUrl,C:\Users\Administrator\Desktop,<Get>d__8.MoveNext => NLogUtil.WriteAll => NLogUtil.WriteFileLog,2022-01-24 10:58:36.6892,,ERROR,logfile,,
2022/01/24 10:58:36.950,失败,获取相册失败https://www.xsnvshen.com/album/https://www.xsnvshen.com/album/34007,,CLHLNAEDJHHBHXG,0001:FluUrl, 1.0.0.0,D:\Project\coreproject\FluUrl\FluUrl\bin\Debug\net6.0\,FluUrl.Utils.NLogUtil.WriteFileLog,188,D:\Project\coreproject\FluUrl\FluUrl\bin\Debug\net6.0,30696,FluUrl,C:\Users\Administrator\Desktop,<Get>d__8.MoveNext => NLogUtil.WriteAll => NLogUtil.WriteFileLog,2022-01-24 10:58:36.9500,,ERROR,logfile,,
2022/01/24 10:58:37.109,失败,获取相册失败https://www.xsnvshen.com/album/https://www.xsnvshen.com/album/33879,,CLHLNAEDJHHBHXG,0001:FluUrl, 1.0.0.0,D:\Project\coreproject\FluUrl\FluUrl\bin\Debug\net6.0\,FluUrl.Utils.NLogUtil.WriteFileLog,189,D:\Project\coreproject\FluUrl\FluUrl\bin\Debug\net6.0,30696,FluUrl,C:\Users\Administrator\Desktop,<Get>d__8.MoveNext => NLogUtil.WriteAll => NLogUtil.WriteFileLog,2022-01-24 10:58:37.1091,,ERROR,logfile,,
2022/01/24 10:58:37.378,失败,获取相册失败https://www.xsnvshen.com/album/https://www.xsnvshen.com/album/33998,,CLHLNAEDJHHBHXG,0001:FluUrl, 1.0.0.0,D:\Project\coreproject\FluUrl\FluUrl\bin\Debug\net6.0\,FluUrl.Utils.NLogUtil.WriteFileLog,190,D:\Project\coreproject\FluUrl\FluUrl\bin\Debug\net6.0,30696,FluUrl,C:\Users\Administrator\Desktop,<Get>d__8.MoveNext => NLogUtil.WriteAll => NLogUtil.WriteFileLog,2022-01-24 10:58:37.3789,,ERROR,logfile,,
2022/01/24 10:58:37.653,失败,获取相册失败https://www.xsnvshen.com/album/https://www.xsnvshen.com/album/33853,,CLHLNAEDJHHBHXG,0001:FluUrl, 1.0.0.0,D:\Project\coreproject\FluUrl\FluUrl\bin\Debug\net6.0\,FluUrl.Utils.NLogUtil.WriteFileLog,191,D:\Project\coreproject\FluUrl\FluUrl\bin\Debug\net6.0,30696,FluUrl,C:\Users\Administrator\Desktop,<Get>d__8.MoveNext => NLogUtil.WriteAll => NLogUtil.WriteFileLog,2022-01-24 10:58:37.6532,,ERROR,logfile,,
2022/01/24 10:58:37.867,失败,获取相册失败https://www.xsnvshen.com/album/https://www.xsnvshen.com/album/33972,,CLHLNAEDJHHBHXG,0001:FluUrl, 1.0.0.0,D:\Project\coreproject\FluUrl\FluUrl\bin\Debug\net6.0\,FluUrl.Utils.NLogUtil.WriteFileLog,192,D:\Project\coreproject\FluUrl\FluUrl\bin\Debug\net6.0,30696,FluUrl,C:\Users\Administrator\Desktop,<Get>d__8.MoveNext => NLogUtil.WriteAll => NLogUtil.WriteFileLog,2022-01-24 10:58:37.8676,,ERROR,logfile,,
2022/01/24 10:58:38.078,失败,获取相册失败https://www.xsnvshen.com/album/https://www.xsnvshen.com/album/33837,,CLHLNAEDJHHBHXG,0001:FluUrl, 1.0.0.0,D:\Project\coreproject\FluUrl\FluUrl\bin\Debug\net6.0\,FluUrl.Utils.NLogUtil.WriteFileLog,193,D:\Project\coreproject\FluUrl\FluUrl\bin\Debug\net6.0,30696,FluUrl,C:\Users\Administrator\Desktop,<Get>d__8.MoveNext => NLogUtil.WriteAll => NLogUtil.WriteFileLog,2022-01-24 10:58:38.0788,,ERROR,logfile,,
2022/01/24 10:58:38.289,失败,获取相册失败https://www.xsnvshen.com/album/https://www.xsnvshen.com/album/33904,,CLHLNAEDJHHBHXG,0001:FluUrl, 1.0.0.0,D:\Project\coreproject\FluUrl\FluUrl\bin\Debug\net6.0\,FluUrl.Utils.NLogUtil.WriteFileLog,194,D:\Project\coreproject\FluUrl\FluUrl\bin\Debug\net6.0,30696,FluUrl,C:\Users\Administrator\Desktop,<Get>d__8.MoveNext => NLogUtil.WriteAll => NLogUtil.WriteFileLog,2022-01-24 10:58:38.2894,,ERROR,logfile,,
2022/01/24 10:58:38.493,失败,获取相册失败https://www.xsnvshen.com/album/https://www.xsnvshen.com/album/33806,,CLHLNAEDJHHBHXG,0001:FluUrl, 1.0.0.0,D:\Project\coreproject\FluUrl\FluUrl\bin\Debug\net6.0\,FluUrl.Utils.NLogUtil.WriteFileLog,195,D:\Project\coreproject\FluUrl\FluUrl\bin\Debug\net6.0,30696,FluUrl,C:\Users\Administrator\Desktop,<Get>d__8.MoveNext => NLogUtil.WriteAll => NLogUtil.WriteFileLog,2022-01-24 10:58:38.4939,,ERROR,logfile,,
2022/01/24 10:58:38.704,失败,获取相册失败https://www.xsnvshen.com/album/https://www.xsnvshen.com/album/33879,,CLHLNAEDJHHBHXG,0001:FluUrl, 1.0.0.0,D:\Project\coreproject\FluUrl\FluUrl\bin\Debug\net6.0\,FluUrl.Utils.NLogUtil.WriteFileLog,196,D:\Project\coreproject\FluUrl\FluUrl\bin\Debug\net6.0,30696,FluUrl,C:\Users\Administrator\Desktop,<Get>d__8.MoveNext => NLogUtil.WriteAll => NLogUtil.WriteFileLog,2022-01-24 10:58:38.7044,,ERROR,logfile,,
2022/01/24 10:58:38.915,失败,获取相册失败https://www.xsnvshen.com/album/https://www.xsnvshen.com/album/33787,,CLHLNAEDJHHBHXG,0001:FluUrl, 1.0.0.0,D:\Project\coreproject\FluUrl\FluUrl\bin\Debug\net6.0\,FluUrl.Utils.NLogUtil.WriteFileLog,197,D:\Project\coreproject\FluUrl\FluUrl\bin\Debug\net6.0,30696,FluUrl,C:\Users\Administrator\Desktop,<Get>d__8.MoveNext => NLogUtil.WriteAll => NLogUtil.WriteFileLog,2022-01-24 10:58:38.9158,,ERROR,logfile,,
2022/01/24 10:58:39.112,失败,获取相册失败https://www.xsnvshen.com/album/https://www.xsnvshen.com/album/33853,,CLHLNAEDJHHBHXG,0001:FluUrl, 1.0.0.0,D:\Project\coreproject\FluUrl\FluUrl\bin\Debug\net6.0\,FluUrl.Utils.NLogUtil.WriteFileLog,198,D:\Project\coreproject\FluUrl\FluUrl\bin\Debug\net6.0,30696,FluUrl,C:\Users\Administrator\Desktop,<Get>d__8.MoveNext => NLogUtil.WriteAll => NLogUtil.WriteFileLog,2022-01-24 10:58:39.1129,,ERROR,logfile,,
2022/01/24 10:58:39.297,失败,获取相册失败https://www.xsnvshen.com/album/https://www.xsnvshen.com/album/33769,,CLHLNAEDJHHBHXG,0001:FluUrl, 1.0.0.0,D:\Project\coreproject\FluUrl\FluUrl\bin\Debug\net6.0\,FluUrl.Utils.NLogUtil.WriteFileLog,199,D:\Project\coreproject\FluUrl\FluUrl\bin\Debug\net6.0,30696,FluUrl,C:\Users\Administrator\Desktop,<Get>d__8.MoveNext => NLogUtil.WriteAll => NLogUtil.WriteFileLog,2022-01-24 10:58:39.2971,,ERROR,logfile,,
2022/01/24 10:58:39.502,失败,获取相册失败https://www.xsnvshen.com/album/https://www.xsnvshen.com/album/33837,,CLHLNAEDJHHBHXG,0001:FluUrl, 1.0.0.0,D:\Project\coreproject\FluUrl\FluUrl\bin\Debug\net6.0\,FluUrl.Utils.NLogUtil.WriteFileLog,200,D:\Project\coreproject\FluUrl\FluUrl\bin\Debug\net6.0,30696,FluUrl,C:\Users\Administrator\Desktop,<Get>d__8.MoveNext => NLogUtil.WriteAll => NLogUtil.WriteFileLog,2022-01-24 10:58:39.5026,,ERROR,logfile,,
2022/01/24 10:58:39.741,失败,获取相册失败https://www.xsnvshen.com/album/https://www.xsnvshen.com/album/33713,,CLHLNAEDJHHBHXG,0001:FluUrl, 1.0.0.0,D:\Project\coreproject\FluUrl\FluUrl\bin\Debug\net6.0\,FluUrl.Utils.NLogUtil.WriteFileLog,201,D:\Project\coreproject\FluUrl\FluUrl\bin\Debug\net6.0,30696,FluUrl,C:\Users\Administrator\Desktop,<Get>d__8.MoveNext => NLogUtil.WriteAll => NLogUtil.WriteFileLog,2022-01-24 10:58:39.7410,,ERROR,logfile,,
2022/01/24 10:58:39.886,失败,获取相册失败https://www.xsnvshen.com/album/https://www.xsnvshen.com/album/33806,,CLHLNAEDJHHBHXG,0001:FluUrl, 1.0.0.0,D:\Project\coreproject\FluUrl\FluUrl\bin\Debug\net6.0\,FluUrl.Utils.NLogUtil.WriteFileLog,202,D:\Project\coreproject\FluUrl\FluUrl\bin\Debug\net6.0,30696,FluUrl,C:\Users\Administrator\Desktop,<Get>d__8.MoveNext => NLogUtil.WriteAll => NLogUtil.WriteFileLog,2022-01-24 10:58:39.8867,,ERROR,logfile,,
2022/01/24 10:58:40.254,失败,获取相册失败https://www.xsnvshen.com/album/https://www.xsnvshen.com/album/33687,,CLHLNAEDJHHBHXG,0001:FluUrl, 1.0.0.0,D:\Project\coreproject\FluUrl\FluUrl\bin\Debug\net6.0\,FluUrl.Utils.NLogUtil.WriteFileLog,203,D:\Project\coreproject\FluUrl\FluUrl\bin\Debug\net6.0,30696,FluUrl,C:\Users\Administrator\Desktop,<Get>d__8.MoveNext => NLogUtil.WriteAll => NLogUtil.WriteFileLog,2022-01-24 10:58:40.2544,,ERROR,logfile,,
2022/01/24 10:58:40.489,失败,获取相册失败https://www.xsnvshen.com/album/https://www.xsnvshen.com/album/33787,,CLHLNAEDJHHBHXG,0001:FluUrl, 1.0.0.0,D:\Project\coreproject\FluUrl\FluUrl\bin\Debug\net6.0\,FluUrl.Utils.NLogUtil.WriteFileLog,204,D:\Project\coreproject\FluUrl\FluUrl\bin\Debug\net6.0,30696,FluUrl,C:\Users\Administrator\Desktop,<Get>d__8.MoveNext => NLogUtil.WriteAll => NLogUtil.WriteFileLog,2022-01-24 10:58:40.4890,,ERROR,logfile,,
2022/01/24 10:58:40.701,失败,获取相册失败https://www.xsnvshen.com/album/https://www.xsnvshen.com/album/33669,,CLHLNAEDJHHBHXG,0001:FluUrl, 1.0.0.0,D:\Project\coreproject\FluUrl\FluUrl\bin\Debug\net6.0\,FluUrl.Utils.NLogUtil.WriteFileLog,205,D:\Project\coreproject\FluUrl\FluUrl\bin\Debug\net6.0,30696,FluUrl,C:\Users\Administrator\Desktop,<Get>d__8.MoveNext => NLogUtil.WriteAll => NLogUtil.WriteFileLog,2022-01-24 10:58:40.7015,,ERROR,logfile,,
2022/01/24 10:58:40.907,失败,获取相册失败https://www.xsnvshen.com/album/https://www.xsnvshen.com/album/33769,,CLHLNAEDJHHBHXG,0001:FluUrl, 1.0.0.0,D:\Project\coreproject\FluUrl\FluUrl\bin\Debug\net6.0\,FluUrl.Utils.NLogUtil.WriteFileLog,206,D:\Project\coreproject\FluUrl\FluUrl\bin\Debug\net6.0,30696,FluUrl,C:\Users\Administrator\Desktop,<Get>d__8.MoveNext => NLogUtil.WriteAll => NLogUtil.WriteFileLog,2022-01-24 10:58:40.9079,,ERROR,logfile,,
2022/01/24 10:58:41.122,失败,获取相册失败https://www.xsnvshen.com/album/https://www.xsnvshen.com/album/33652,,CLHLNAEDJHHBHXG,0001:FluUrl, 1.0.0.0,D:\Project\coreproject\FluUrl\FluUrl\bin\Debug\net6.0\,FluUrl.Utils.NLogUtil.WriteFileLog,207,D:\Project\coreproject\FluUrl\FluUrl\bin\Debug\net6.0,30696,FluUrl,C:\Users\Administrator\Desktop,<Get>d__8.MoveNext => NLogUtil.WriteAll => NLogUtil.WriteFileLog,2022-01-24 10:58:41.1224,,ERROR,logfile,,
2022/01/24 10:58:41.306,失败,获取相册失败https://www.xsnvshen.com/album/https://www.xsnvshen.com/album/33713,,CLHLNAEDJHHBHXG,0001:FluUrl, 1.0.0.0,D:\Project\coreproject\FluUrl\FluUrl\bin\Debug\net6.0\,FluUrl.Utils.NLogUtil.WriteFileLog,208,D:\Project\coreproject\FluUrl\FluUrl\bin\Debug\net6.0,30696,FluUrl,C:\Users\Administrator\Desktop,<Get>d__8.MoveNext => NLogUtil.WriteAll => NLogUtil.WriteFileLog,2022-01-24 10:58:41.3063,,ERROR,logfile,,
2022/01/24 10:58:41.523,失败,获取相册失败https://www.xsnvshen.com/album/https://www.xsnvshen.com/album/33616,,CLHLNAEDJHHBHXG,0001:FluUrl, 1.0.0.0,D:\Project\coreproject\FluUrl\FluUrl\bin\Debug\net6.0\,FluUrl.Utils.NLogUtil.WriteFileLog,209,D:\Project\coreproject\FluUrl\FluUrl\bin\Debug\net6.0,30696,FluUrl,C:\Users\Administrator\Desktop,<Get>d__8.MoveNext => NLogUtil.WriteAll => NLogUtil.WriteFileLog,2022-01-24 10:58:41.5237,,ERROR,logfile,,
2022/01/24 10:58:41.747,失败,获取相册失败https://www.xsnvshen.com/album/https://www.xsnvshen.com/album/33687,,CLHLNAEDJHHBHXG,0001:FluUrl, 1.0.0.0,D:\Project\coreproject\FluUrl\FluUrl\bin\Debug\net6.0\,FluUrl.Utils.NLogUtil.WriteFileLog,210,D:\Project\coreproject\FluUrl\FluUrl\bin\Debug\net6.0,30696,FluUrl,C:\Users\Administrator\Desktop,<Get>d__8.MoveNext => NLogUtil.WriteAll => NLogUtil.WriteFileLog,2022-01-24 10:58:41.7473,,ERROR,logfile,,
2022/01/24 10:58:41.983,失败,获取相册失败https://www.xsnvshen.com/album/https://www.xsnvshen.com/album/33580,,CLHLNAEDJHHBHXG,0001:FluUrl, 1.0.0.0,D:\Project\coreproject\FluUrl\FluUrl\bin\Debug\net6.0\,FluUrl.Utils.NLogUtil.WriteFileLog,211,D:\Project\coreproject\FluUrl\FluUrl\bin\Debug\net6.0,30696,FluUrl,C:\Users\Administrator\Desktop,<Get>d__8.MoveNext => NLogUtil.WriteAll => NLogUtil.WriteFileLog,2022-01-24 10:58:41.9830,,ERROR,logfile,,
2022/01/24 10:58:42.234,失败,获取相册失败https://www.xsnvshen.com/album/https://www.xsnvshen.com/album/33669,,CLHLNAEDJHHBHXG,0001:FluUrl, 1.0.0.0,D:\Project\coreproject\FluUrl\FluUrl\bin\Debug\net6.0\,FluUrl.Utils.NLogUtil.WriteFileLog,212,D:\Project\coreproject\FluUrl\FluUrl\bin\Debug\net6.0,30696,FluUrl,C:\Users\Administrator\Desktop,<Get>d__8.MoveNext => NLogUtil.WriteAll => NLogUtil.WriteFileLog,2022-01-24 10:58:42.2341,,ERROR,logfile,,
2022/01/24 10:58:42.406,失败,获取相册失败https://www.xsnvshen.com/album/https://www.xsnvshen.com/album/33553,,CLHLNAEDJHHBHXG,0001:FluUrl, 1.0.0.0,D:\Project\coreproject\FluUrl\FluUrl\bin\Debug\net6.0\,FluUrl.Utils.NLogUtil.WriteFileLog,213,D:\Project\coreproject\FluUrl\FluUrl\bin\Debug\net6.0,30696,FluUrl,C:\Users\Administrator\Desktop,<Get>d__8.MoveNext => NLogUtil.WriteAll => NLogUtil.WriteFileLog,2022-01-24 10:58:42.4061,,ERROR,logfile,,
2022/01/24 10:58:42.623,失败,获取相册失败https://www.xsnvshen.com/album/https://www.xsnvshen.com/album/33652,,CLHLNAEDJHHBHXG,0001:FluUrl, 1.0.0.0,D:\Project\coreproject\FluUrl\FluUrl\bin\Debug\net6.0\,FluUrl.Utils.NLogUtil.WriteFileLog,214,D:\Project\coreproject\FluUrl\FluUrl\bin\Debug\net6.0,30696,FluUrl,C:\Users\Administrator\Desktop,<Get>d__8.MoveNext => NLogUtil.WriteAll => NLogUtil.WriteFileLog,2022-01-24 10:58:42.6239,,ERROR,logfile,,
2022/01/24 10:58:42.825,失败,获取相册失败https://www.xsnvshen.com/album/https://www.xsnvshen.com/album/33526,,CLHLNAEDJHHBHXG,0001:FluUrl, 1.0.0.0,D:\Project\coreproject\FluUrl\FluUrl\bin\Debug\net6.0\,FluUrl.Utils.NLogUtil.WriteFileLog,215,D:\Project\coreproject\FluUrl\FluUrl\bin\Debug\net6.0,30696,FluUrl,C:\Users\Administrator\Desktop,<Get>d__8.MoveNext => NLogUtil.WriteAll => NLogUtil.WriteFileLog,2022-01-24 10:58:42.8253,,ERROR,logfile,,
2022/01/24 10:58:43.013,失败,获取相册失败https://www.xsnvshen.com/album/https://www.xsnvshen.com/album/33616,,CLHLNAEDJHHBHXG,0001:FluUrl, 1.0.0.0,D:\Project\coreproject\FluUrl\FluUrl\bin\Debug\net6.0\,FluUrl.Utils.NLogUtil.WriteFileLog,216,D:\Project\coreproject\FluUrl\FluUrl\bin\Debug\net6.0,30696,FluUrl,C:\Users\Administrator\Desktop,<Get>d__8.MoveNext => NLogUtil.WriteAll => NLogUtil.WriteFileLog,2022-01-24 10:58:43.0130,,ERROR,logfile,,
2022/01/24 10:58:43.184,失败,获取相册失败https://www.xsnvshen.com/album/https://www.xsnvshen.com/album/33490,,CLHLNAEDJHHBHXG,0001:FluUrl, 1.0.0.0,D:\Project\coreproject\FluUrl\FluUrl\bin\Debug\net6.0\,FluUrl.Utils.NLogUtil.WriteFileLog,217,D:\Project\coreproject\FluUrl\FluUrl\bin\Debug\net6.0,30696,FluUrl,C:\Users\Administrator\Desktop,<Get>d__8.MoveNext => NLogUtil.WriteAll => NLogUtil.WriteFileLog,2022-01-24 10:58:43.1845,,ERROR,logfile,,
